epoch,train_loss,train_accuracy,train_balanced_accuracy,train_macro_f1,val_loss,val_accuracy,val_balanced_accuracy,val_macro_f1,val_macro_precision,val_macro_recall,learning_rate
1,1.4248665358629904,0.5366279359696804,0.5611737939811416,0.507174900640338,1.2730104753840923,0.6153079032660185,0.4949327538745242,0.4555102546365208,0.45568158661306984,0.4949327538745242,0.0001
2,1.1043908242090725,0.6355657507604847,0.672250845952963,0.5052185951624191,1.1280885117513466,0.6402393418100224,0.5882827085550337,0.45968861378277787,0.45770549126498816,0.5882827085550337,0.0001
3,0.9726111014477958,0.66204557921508,0.661492376135129,0.4825619985137845,1.1646959836629822,0.5908750934928946,0.5850613173495643,0.4290937621117146,0.43965274449504566,0.5850613173495643,0.0001
4,0.8904032878867886,0.6774048770757493,0.7387032271313064,0.6118336108863517,1.2388606357681458,0.6384941411119421,0.579054285733333,0.4866210928264916,0.4790247618321992,0.579054285733333,0.0001
5,0.8033176661102467,0.7064778337405875,0.7686159970502093,0.6475336637178051,1.231508672972981,0.6295188232361008,0.5953686196996746,0.5071829166674958,0.48733533911586124,0.5953686196996746,0.0001
6,0.7171056879843072,0.7223856779534235,0.8037167443230089,0.7001071010617963,1.1185698213645034,0.7202692595362753,0.6465198392946268,0.5867784136511622,0.5569227560201384,0.6465198392946268,0.0001
7,0.6839682299948235,0.7281204807260759,0.7826207393894564,0.6721371770106102,1.3018093764767091,0.649962602842184,0.6281800696773696,0.5383311903971664,0.5198834672199786,0.6281800696773696,0.0001
8,0.6327418649239129,0.7469705281005335,0.8433285899019699,0.7566139445188624,1.2821600397784525,0.6958364497631513,0.6040700994815307,0.5510815590197847,0.5278702872270233,0.6040700994815307,0.0001
9,0.6139922279797486,0.7562958160873685,0.8559023224281244,0.7921664889836533,1.2452038088852897,0.7309897781101969,0.6368464744549848,0.5889149151634967,0.5676686716224337,0.6368464744549848,0.0001
10,0.5575821573081079,0.7740986386076896,0.8317157100785998,0.6900041129376999,1.29352450794307,0.6364996260284218,0.6034395935159687,0.5056427802720658,0.49509176802838895,0.6034395935159687,0.0001
11,0.5015343435861782,0.7821772303396001,0.8530870587227137,0.7766988120210221,1.3609365563690141,0.7257541760159562,0.5928473555282736,0.5358740429346852,0.5216835956962147,0.5928473555282736,0.0001
12,0.49811369096004343,0.7859671869545704,0.8670590759084351,0.754931407157325,1.3590990724750245,0.6636748940413862,0.6079041477521786,0.5598075563703154,0.5399838162806431,0.6079041477521786,0.0001
13,0.4315656414250391,0.8020246347179973,0.8808725592139696,0.7451671101224986,1.2993689675011322,0.6888556469708302,0.5965644608425229,0.507463940059145,0.4809252457379699,0.5965644608425229,5e-05
14,0.3078536393859051,0.8440133645838528,0.9333497453285788,0.8913309915958738,1.6211324388161765,0.7220144602343556,0.6144761599100379,0.5919578715587374,0.6084594712417476,0.6144761599100379,5e-05
15,0.2587882676416101,0.861866054954371,0.9413356488510651,0.8997700739987207,1.5365320014403039,0.7399650959860384,0.6222194037012365,0.6016189289973204,0.5907849540880181,0.6222194037012365,5e-05
16,0.2505849947730175,0.8654066723183563,0.9421341014831508,0.9195810635869544,1.6967364263873361,0.7556719022687609,0.6220073231097138,0.6244659147745701,0.6443886624888371,0.6220073231097138,5e-05
17,0.2271064240765017,0.8761282601107067,0.9331896522598111,0.8648498687790956,1.5760195593648467,0.7112939416604338,0.6027591228394087,0.568337179062931,0.5456758177382508,0.6027591228394087,5e-05
18,0.2120824211014618,0.88201266643395,0.9603252728036302,0.9124167555545021,1.7153538390603988,0.7304911493393169,0.6277832844786451,0.5901239812462835,0.5869480441960064,0.6277832844786451,5e-05
19,0.17844495602241509,0.8942302897322096,0.9536591393761022,0.9305284129223831,1.8615871321932838,0.7299925205684368,0.5972224330175278,0.5913302288485889,0.61997973581658,0.5972224330175278,5e-05
20,0.17641905663135682,0.8968234179424525,0.9673541259310889,0.958548107439884,1.9716414007600545,0.768636250311643,0.6106096462816524,0.6146679010475288,0.634202052048289,0.6106096462816524,2.5e-05
21,0.11969774489619411,0.9248990176033511,0.974751553565734,0.954396743229993,2.1757734408089555,0.7531787584143605,0.6253076320895148,0.6099073435482745,0.6054311424122931,0.6253076320895148,2.5e-05
22,0.11811991417653729,0.9261457138582756,0.979328432670366,0.9630172664718197,2.2410371273604985,0.7569184741959611,0.6175721717767599,0.6137777016708958,0.6313436537116138,0.6175721717767599,2.5e-05
23,0.09945712461123882,0.9334762878372314,0.9809588056735485,0.962985617165664,2.288566647285544,0.7484417850909998,0.6152945416741332,0.6027112859966339,0.5964283973400646,0.6152945416741332,2.5e-05
