duplicate_group,md5,image_id,path,folder_label,official_label,lesion_id,age_approx,sex,anatom_site_general,group_class_relation,group_lesion_relation,group_size,group_images,group_paths
1,87e83cf148f2ba891d474a08ba35351c,ISIC_0060116,Dataset ISIC 2019/AK/ISIC_0060116.jpg,AK,AK,BCN_0001154,85.0,female,,same_class,same_lesion,2,ISIC_0060116 | ISIC_0068354,Dataset ISIC 2019/AK/ISIC_0060116.jpg | Dataset ISIC 2019/AK/ISIC_0068354.jpg
1,87e83cf148f2ba891d474a08ba35351c,ISIC_0068354,Dataset ISIC 2019/AK/ISIC_0068354.jpg,AK,AK,BCN_0001154,85.0,female,,same_class,same_lesion,2,ISIC_0060116 | ISIC_0068354,Dataset ISIC 2019/AK/ISIC_0060116.jpg | Dataset ISIC 2019/AK/ISIC_0068354.jpg
2,b0a946dded633cd19ff7ca5c785cc11e,ISIC_0053738,Dataset ISIC 2019/AK/ISIC_0053738.jpg,AK,AK,BCN_0001154,85.0,female,,same_class,same_lesion,2,ISIC_0073198 | ISIC_0053738,Dataset ISIC 2019/AK/ISIC_0073198.jpg | Dataset ISIC 2019/AK/ISIC_0053738.jpg
2,b0a946dded633cd19ff7ca5c785cc11e,ISIC_0073198,Dataset ISIC 2019/AK/ISIC_0073198.jpg,AK,AK,BCN_0001154,85.0,female,,same_class,same_lesion,2,ISIC_0073198 | ISIC_0053738,Dataset ISIC 2019/AK/ISIC_0073198.jpg | Dataset ISIC 2019/AK/ISIC_0053738.jpg
3,a131e185153dd852854d8e44257a4af3,ISIC_0061121,Dataset ISIC 2019/AK/ISIC_0061121.jpg,AK,AK,BCN_0001154,85.0,female,,same_class,same_lesion,2,ISIC_0062609 | ISIC_0061121,Dataset ISIC 2019/AK/ISIC_0062609.jpg | Dataset ISIC 2019/AK/ISIC_0061121.jpg
3,a131e185153dd852854d8e44257a4af3,ISIC_0062609,Dataset ISIC 2019/AK/ISIC_0062609.jpg,AK,AK,BCN_0001154,85.0,female,,same_class,same_lesion,2,ISIC_0062609 | ISIC_0061121,Dataset ISIC 2019/AK/ISIC_0062609.jpg | Dataset ISIC 2019/AK/ISIC_0061121.jpg
4,3f1f0d6a1f4bc9baaeff4a8186a806ef,ISIC_0057051,Dataset ISIC 2019/AK/ISIC_0057051.jpg,AK,AK,BCN_0001154,85.0,female,,same_class,same_lesion,2,ISIC_0066220 | ISIC_0057051,Dataset ISIC 2019/AK/ISIC_0066220.jpg | Dataset ISIC 2019/AK/ISIC_0057051.jpg
4,3f1f0d6a1f4bc9baaeff4a8186a806ef,ISIC_0066220,Dataset ISIC 2019/AK/ISIC_0066220.jpg,AK,AK,BCN_0001154,85.0,female,,same_class,same_lesion,2,ISIC_0066220 | ISIC_0057051,Dataset ISIC 2019/AK/ISIC_0066220.jpg | Dataset ISIC 2019/AK/ISIC_0057051.jpg
5,e0f75835ee8b79d67d0a69a0b8206cd6,ISIC_0057477,Dataset ISIC 2019/AK/ISIC_0057477.jpg,AK,AK,BCN_0001154,85.0,female,,same_class,same_lesion,2,ISIC_0057477 | ISIC_0061307,Dataset ISIC 2019/AK/ISIC_0057477.jpg | Dataset ISIC 2019/AK/ISIC_0061307.jpg
5,e0f75835ee8b79d67d0a69a0b8206cd6,ISIC_0061307,Dataset ISIC 2019/AK/ISIC_0061307.jpg,AK,AK,BCN_0001154,85.0,female,,same_class,same_lesion,2,ISIC_0057477 | ISIC_0061307,Dataset ISIC 2019/AK/ISIC_0057477.jpg | Dataset ISIC 2019/AK/ISIC_0061307.jpg
6,fa17f236c151f3239838f4523ca5b31a,ISIC_0070713,Dataset ISIC 2019/AK/ISIC_0070713.jpg,AK,AK,BCN_0001154,85.0,female,,same_class,same_lesion,2,ISIC_0070713 | ISIC_0071606,Dataset ISIC 2019/AK/ISIC_0070713.jpg | Dataset ISIC 2019/AK/ISIC_0071606.jpg
6,fa17f236c151f3239838f4523ca5b31a,ISIC_0071606,Dataset ISIC 2019/AK/ISIC_0071606.jpg,AK,AK,BCN_0001154,85.0,female,,same_class,same_lesion,2,ISIC_0070713 | ISIC_0071606,Dataset ISIC 2019/AK/ISIC_0070713.jpg | Dataset ISIC 2019/AK/ISIC_0071606.jpg
7,eecaf56365da469a23704ab541b1fa69,ISIC_0054118,Dataset ISIC 2019/AK/ISIC_0054118.jpg,AK,AK,BCN_0001154,85.0,female,,same_class,same_lesion,2,ISIC_0054118 | ISIC_0056756,Dataset ISIC 2019/AK/ISIC_0054118.jpg | Dataset ISIC 2019/AK/ISIC_0056756.jpg
7,eecaf56365da469a23704ab541b1fa69,ISIC_0056756,Dataset ISIC 2019/AK/ISIC_0056756.jpg,AK,AK,BCN_0001154,85.0,female,,same_class,same_lesion,2,ISIC_0054118 | ISIC_0056756,Dataset ISIC 2019/AK/ISIC_0054118.jpg | Dataset ISIC 2019/AK/ISIC_0056756.jpg
8,d1cf329f2f75f91e4a4a371141bff060,ISIC_0067799,Dataset ISIC 2019/AK/ISIC_0067799.jpg,AK,AK,BCN_0001154,85.0,female,,same_class,same_lesion,2,ISIC_0071186 | ISIC_0067799,Dataset ISIC 2019/AK/ISIC_0071186.jpg | Dataset ISIC 2019/AK/ISIC_0067799.jpg
8,d1cf329f2f75f91e4a4a371141bff060,ISIC_0071186,Dataset ISIC 2019/AK/ISIC_0071186.jpg,AK,AK,BCN_0001154,85.0,female,,same_class,same_lesion,2,ISIC_0071186 | ISIC_0067799,Dataset ISIC 2019/AK/ISIC_0071186.jpg | Dataset ISIC 2019/AK/ISIC_0067799.jpg
9,297b4ed5c7822a1c5a23e53553735ca9,ISIC_0054075,Dataset ISIC 2019/BCC/ISIC_0054075.jpg,BCC,BCC,BCN_0000650,70.0,male,,same_class,same_lesion,2,ISIC_0054075 | ISIC_0061861,Dataset ISIC 2019/BCC/ISIC_0054075.jpg | Dataset ISIC 2019/BCC/ISIC_0061861.jpg
9,297b4ed5c7822a1c5a23e53553735ca9,ISIC_0061861,Dataset ISIC 2019/BCC/ISIC_0061861.jpg,BCC,BCC,BCN_0000650,70.0,male,,same_class,same_lesion,2,ISIC_0054075 | ISIC_0061861,Dataset ISIC 2019/BCC/ISIC_0054075.jpg | Dataset ISIC 2019/BCC/ISIC_0061861.jpg
10,75329fe1633aa3bc1fa972755957801e,ISIC_0065140,Dataset ISIC 2019/BCC/ISIC_0065140.jpg,BCC,BCC,BCN_0001300,60.0,female,upper extremity,same_class,same_lesion,2,ISIC_0065140 | ISIC_0072994,Dataset ISIC 2019/BCC/ISIC_0065140.jpg | Dataset ISIC 2019/BCC/ISIC_0072994.jpg
10,75329fe1633aa3bc1fa972755957801e,ISIC_0072994,Dataset ISIC 2019/BCC/ISIC_0072994.jpg,BCC,BCC,BCN_0001300,60.0,female,upper extremity,same_class,same_lesion,2,ISIC_0065140 | ISIC_0072994,Dataset ISIC 2019/BCC/ISIC_0065140.jpg | Dataset ISIC 2019/BCC/ISIC_0072994.jpg
11,5a67cc0a137307b2fed0867ad54b0c3c,ISIC_0061437,Dataset ISIC 2019/BCC/ISIC_0061437.jpg,BCC,BCC,BCN_0002646,70.0,male,,same_class,same_lesion,2,ISIC_0061437 | ISIC_0063677,Dataset ISIC 2019/BCC/ISIC_0061437.jpg | Dataset ISIC 2019/BCC/ISIC_0063677.jpg
11,5a67cc0a137307b2fed0867ad54b0c3c,ISIC_0063677,Dataset ISIC 2019/BCC/ISIC_0063677.jpg,BCC,BCC,BCN_0002646,70.0,male,,same_class,same_lesion,2,ISIC_0061437 | ISIC_0063677,Dataset ISIC 2019/BCC/ISIC_0061437.jpg | Dataset ISIC 2019/BCC/ISIC_0063677.jpg
12,a936647d75ad11730179e3ad8de80068,ISIC_0054986,Dataset ISIC 2019/BCC/ISIC_0054986.jpg,BCC,BCC,BCN_0001424,65.0,male,anterior torso,same_class,same_lesion,2,ISIC_0067341 | ISIC_0054986,Dataset ISIC 2019/BCC/ISIC_0067341.jpg | Dataset ISIC 2019/BCC/ISIC_0054986.jpg
12,a936647d75ad11730179e3ad8de80068,ISIC_0067341,Dataset ISIC 2019/BCC/ISIC_0067341.jpg,BCC,BCC,BCN_0001424,65.0,male,anterior torso,same_class,same_lesion,2,ISIC_0067341 | ISIC_0054986,Dataset ISIC 2019/BCC/ISIC_0067341.jpg | Dataset ISIC 2019/BCC/ISIC_0054986.jpg
13,f493c119a8d255aa1232fc91ef648eea,ISIC_0054113,Dataset ISIC 2019/BCC/ISIC_0054113.jpg,BCC,BCC,BCN_0001300,60.0,female,upper extremity,same_class,same_lesion,2,ISIC_0070345 | ISIC_0054113,Dataset ISIC 2019/BCC/ISIC_0070345.jpg | Dataset ISIC 2019/BCC/ISIC_0054113.jpg
13,f493c119a8d255aa1232fc91ef648eea,ISIC_0070345,Dataset ISIC 2019/BCC/ISIC_0070345.jpg,BCC,BCC,BCN_0001300,60.0,female,upper extremity,same_class,same_lesion,2,ISIC_0070345 | ISIC_0054113,Dataset ISIC 2019/BCC/ISIC_0070345.jpg | Dataset ISIC 2019/BCC/ISIC_0054113.jpg
14,daffc0cde230dd29099faac06fabf23f,ISIC_0054074,Dataset ISIC 2019/BCC/ISIC_0054074.jpg,BCC,BCC,BCN_0001424,65.0,male,anterior torso,same_class,same_lesion,2,ISIC_0071589 | ISIC_0054074,Dataset ISIC 2019/BCC/ISIC_0071589.jpg | Dataset ISIC 2019/BCC/ISIC_0054074.jpg
14,daffc0cde230dd29099faac06fabf23f,ISIC_0071589,Dataset ISIC 2019/BCC/ISIC_0071589.jpg,BCC,BCC,BCN_0001424,65.0,male,anterior torso,same_class,same_lesion,2,ISIC_0071589 | ISIC_0054074,Dataset ISIC 2019/BCC/ISIC_0071589.jpg | Dataset ISIC 2019/BCC/ISIC_0054074.jpg
15,7522facb942279a2ceae5da5d96e2154,ISIC_0064300,Dataset ISIC 2019/BCC/ISIC_0064300.jpg,BCC,BCC,BCN_0001300,60.0,female,upper extremity,same_class,same_lesion,2,ISIC_0066115 | ISIC_0064300,Dataset ISIC 2019/BCC/ISIC_0066115.jpg | Dataset ISIC 2019/BCC/ISIC_0064300.jpg
15,7522facb942279a2ceae5da5d96e2154,ISIC_0066115,Dataset ISIC 2019/BCC/ISIC_0066115.jpg,BCC,BCC,BCN_0001300,60.0,female,upper extremity,same_class,same_lesion,2,ISIC_0066115 | ISIC_0064300,Dataset ISIC 2019/BCC/ISIC_0066115.jpg | Dataset ISIC 2019/BCC/ISIC_0064300.jpg
16,7b06ca5d0d17a1c7d89c5b3c6b608f8c,ISIC_0064670,Dataset ISIC 2019/BKL/ISIC_0064670.jpg,BKL,BKL,BCN_0001629,70.0,male,head/neck,same_class,same_lesion,2,ISIC_0064670 | ISIC_0072410,Dataset ISIC 2019/BKL/ISIC_0064670.jpg | Dataset ISIC 2019/BKL/ISIC_0072410.jpg
16,7b06ca5d0d17a1c7d89c5b3c6b608f8c,ISIC_0072410,Dataset ISIC 2019/BKL/ISIC_0072410.jpg,BKL,BKL,BCN_0001629,70.0,male,head/neck,same_class,same_lesion,2,ISIC_0064670 | ISIC_0072410,Dataset ISIC 2019/BKL/ISIC_0064670.jpg | Dataset ISIC 2019/BKL/ISIC_0072410.jpg
17,a9a8a1836a8013114c7edd6d232ccf55,ISIC_0061089,Dataset ISIC 2019/BKL/ISIC_0061089.jpg,BKL,BKL,BCN_0001629,70.0,male,head/neck,same_class,same_lesion,2,ISIC_0061089 | ISIC_0068249,Dataset ISIC 2019/BKL/ISIC_0061089.jpg | Dataset ISIC 2019/BKL/ISIC_0068249.jpg
17,a9a8a1836a8013114c7edd6d232ccf55,ISIC_0068249,Dataset ISIC 2019/BKL/ISIC_0068249.jpg,BKL,BKL,BCN_0001629,70.0,male,head/neck,same_class,same_lesion,2,ISIC_0061089 | ISIC_0068249,Dataset ISIC 2019/BKL/ISIC_0061089.jpg | Dataset ISIC 2019/BKL/ISIC_0068249.jpg
18,c2fed755f6fb1b0c4b2e77b96f399c5d,ISIC_0062361,Dataset ISIC 2019/BKL/ISIC_0062361.jpg,BKL,BKL,BCN_0002557,75.0,male,head/neck,same_class,same_lesion,2,ISIC_0069849 | ISIC_0062361,Dataset ISIC 2019/BKL/ISIC_0069849.jpg | Dataset ISIC 2019/BKL/ISIC_0062361.jpg
18,c2fed755f6fb1b0c4b2e77b96f399c5d,ISIC_0069849,Dataset ISIC 2019/BKL/ISIC_0069849.jpg,BKL,BKL,BCN_0002557,75.0,male,head/neck,same_class,same_lesion,2,ISIC_0069849 | ISIC_0062361,Dataset ISIC 2019/BKL/ISIC_0069849.jpg | Dataset ISIC 2019/BKL/ISIC_0062361.jpg
19,eaea1df2d8d684407fcd98419bd8ac99,ISIC_0065588,Dataset ISIC 2019/BKL/ISIC_0065588.jpg,BKL,BKL,BCN_0001604,80.0,male,anterior torso,same_class,MULTIPLE_LESIONS,2,ISIC_0065588 | ISIC_0065639,Dataset ISIC 2019/BKL/ISIC_0065588.jpg | Dataset ISIC 2019/BKL/ISIC_0065639.jpg
19,eaea1df2d8d684407fcd98419bd8ac99,ISIC_0065639,Dataset ISIC 2019/BKL/ISIC_0065639.jpg,BKL,BKL,BCN_0004816,85.0,female,head/neck,same_class,MULTIPLE_LESIONS,2,ISIC_0065588 | ISIC_0065639,Dataset ISIC 2019/BKL/ISIC_0065588.jpg | Dataset ISIC 2019/BKL/ISIC_0065639.jpg
20,d6da98fbc0444f7097d9869cbc5fdd6e,ISIC_0057272,Dataset ISIC 2019/BKL/ISIC_0057272.jpg,BKL,BKL,BCN_0004816,85.0,female,head/neck,same_class,MULTIPLE_LESIONS,2,ISIC_0072042 | ISIC_0057272,Dataset ISIC 2019/BKL/ISIC_0072042.jpg | Dataset ISIC 2019/BKL/ISIC_0057272.jpg
20,d6da98fbc0444f7097d9869cbc5fdd6e,ISIC_0072042,Dataset ISIC 2019/BKL/ISIC_0072042.jpg,BKL,BKL,BCN_0001604,80.0,male,anterior torso,same_class,MULTIPLE_LESIONS,2,ISIC_0072042 | ISIC_0057272,Dataset ISIC 2019/BKL/ISIC_0072042.jpg | Dataset ISIC 2019/BKL/ISIC_0057272.jpg
21,e2da9bf3483452eccfabe1fce55cd3be,ISIC_0060606,Dataset ISIC 2019/BKL/ISIC_0060606.jpg,BKL,BKL,BCN_0001629,70.0,male,head/neck,same_class,same_lesion,2,ISIC_0060606 | ISIC_0062094,Dataset ISIC 2019/BKL/ISIC_0060606.jpg | Dataset ISIC 2019/BKL/ISIC_0062094.jpg
21,e2da9bf3483452eccfabe1fce55cd3be,ISIC_0062094,Dataset ISIC 2019/BKL/ISIC_0062094.jpg,BKL,BKL,BCN_0001629,70.0,male,head/neck,same_class,same_lesion,2,ISIC_0060606 | ISIC_0062094,Dataset ISIC 2019/BKL/ISIC_0060606.jpg | Dataset ISIC 2019/BKL/ISIC_0062094.jpg
22,e70642379e9f09499df377ab0f239e5a,ISIC_0061802,Dataset ISIC 2019/BKL/ISIC_0061802.jpg,BKL,BKL,BCN_0001629,70.0,male,head/neck,same_class,same_lesion,2,ISIC_0073100 | ISIC_0061802,Dataset ISIC 2019/BKL/ISIC_0073100.jpg | Dataset ISIC 2019/BKL/ISIC_0061802.jpg
22,e70642379e9f09499df377ab0f239e5a,ISIC_0073100,Dataset ISIC 2019/BKL/ISIC_0073100.jpg,BKL,BKL,BCN_0001629,70.0,male,head/neck,same_class,same_lesion,2,ISIC_0073100 | ISIC_0061802,Dataset ISIC 2019/BKL/ISIC_0073100.jpg | Dataset ISIC 2019/BKL/ISIC_0061802.jpg
23,3093b008e31f93171178911840359ee6,ISIC_0059011,Dataset ISIC 2019/BKL/ISIC_0059011.jpg,BKL,BKL,BCN_0001629,70.0,male,head/neck,same_class,same_lesion,2,ISIC_0059011 | ISIC_0060857,Dataset ISIC 2019/BKL/ISIC_0059011.jpg | Dataset ISIC 2019/BKL/ISIC_0060857.jpg
23,3093b008e31f93171178911840359ee6,ISIC_0060857,Dataset ISIC 2019/BKL/ISIC_0060857.jpg,BKL,BKL,BCN_0001629,70.0,male,head/neck,same_class,same_lesion,2,ISIC_0059011 | ISIC_0060857,Dataset ISIC 2019/BKL/ISIC_0059011.jpg | Dataset ISIC 2019/BKL/ISIC_0060857.jpg
24,f11b4a15ef15c83767826b29420006ea,ISIC_0054911,Dataset ISIC 2019/BKL/ISIC_0054911.jpg,BKL,BKL,BCN_0002557,75.0,male,head/neck,same_class,same_lesion,2,ISIC_0054911 | ISIC_0062368,Dataset ISIC 2019/BKL/ISIC_0054911.jpg | Dataset ISIC 2019/BKL/ISIC_0062368.jpg
24,f11b4a15ef15c83767826b29420006ea,ISIC_0062368,Dataset ISIC 2019/BKL/ISIC_0062368.jpg,BKL,BKL,BCN_0002557,75.0,male,head/neck,same_class,same_lesion,2,ISIC_0054911 | ISIC_0062368,Dataset ISIC 2019/BKL/ISIC_0054911.jpg | Dataset ISIC 2019/BKL/ISIC_0062368.jpg
25,1c1a73e59a8af4a0d00f710062b6accc,ISIC_0063304,Dataset ISIC 2019/BKL/ISIC_0063304.jpg,BKL,BKL,BCN_0004816,85.0,female,head/neck,same_class,MULTIPLE_LESIONS,2,ISIC_0063304 | ISIC_0064285,Dataset ISIC 2019/BKL/ISIC_0063304.jpg | Dataset ISIC 2019/BKL/ISIC_0064285.jpg
25,1c1a73e59a8af4a0d00f710062b6accc,ISIC_0064285,Dataset ISIC 2019/BKL/ISIC_0064285.jpg,BKL,BKL,BCN_0001604,80.0,male,anterior torso,same_class,MULTIPLE_LESIONS,2,ISIC_0063304 | ISIC_0064285,Dataset ISIC 2019/BKL/ISIC_0063304.jpg | Dataset ISIC 2019/BKL/ISIC_0064285.jpg
26,b859471c39541e29a7709bd70b369dc4,ISIC_0061902,Dataset ISIC 2019/BKL/ISIC_0061902.jpg,BKL,BKL,BCN_0001629,70.0,male,head/neck,same_class,same_lesion,2,ISIC_0069588 | ISIC_0061902,Dataset ISIC 2019/BKL/ISIC_0069588.jpg | Dataset ISIC 2019/BKL/ISIC_0061902.jpg
26,b859471c39541e29a7709bd70b369dc4,ISIC_0069588,Dataset ISIC 2019/BKL/ISIC_0069588.jpg,BKL,BKL,BCN_0001629,70.0,male,head/neck,same_class,same_lesion,2,ISIC_0069588 | ISIC_0061902,Dataset ISIC 2019/BKL/ISIC_0069588.jpg | Dataset ISIC 2019/BKL/ISIC_0061902.jpg
27,227cb84d71f2eff7e8fa8a7ad12ea4c3,ISIC_0061391,Dataset ISIC 2019/BKL/ISIC_0061391.jpg,BKL,BKL,BCN_0001629,70.0,male,head/neck,same_class,same_lesion,2,ISIC_0069118 | ISIC_0061391,Dataset ISIC 2019/BKL/ISIC_0069118.jpg | Dataset ISIC 2019/BKL/ISIC_0061391.jpg
27,227cb84d71f2eff7e8fa8a7ad12ea4c3,ISIC_0069118,Dataset ISIC 2019/BKL/ISIC_0069118.jpg,BKL,BKL,BCN_0001629,70.0,male,head/neck,same_class,same_lesion,2,ISIC_0069118 | ISIC_0061391,Dataset ISIC 2019/BKL/ISIC_0069118.jpg | Dataset ISIC 2019/BKL/ISIC_0061391.jpg
28,f4dbce9793cf02f3bbc02647496e5311,ISIC_0060482,Dataset ISIC 2019/BKL/ISIC_0060482.jpg,BKL,BKL,BCN_0001629,70.0,male,head/neck,same_class,same_lesion,2,ISIC_0060482 | ISIC_0062371,Dataset ISIC 2019/BKL/ISIC_0060482.jpg | Dataset ISIC 2019/BKL/ISIC_0062371.jpg
28,f4dbce9793cf02f3bbc02647496e5311,ISIC_0062371,Dataset ISIC 2019/BKL/ISIC_0062371.jpg,BKL,BKL,BCN_0001629,70.0,male,head/neck,same_class,same_lesion,2,ISIC_0060482 | ISIC_0062371,Dataset ISIC 2019/BKL/ISIC_0060482.jpg | Dataset ISIC 2019/BKL/ISIC_0062371.jpg
29,c533591d008681fa3b0f0aacd2cedc17,ISIC_0066634,Dataset ISIC 2019/BKL/ISIC_0066634.jpg,BKL,BKL,BCN_0001629,70.0,male,head/neck,same_class,same_lesion,2,ISIC_0066634 | ISIC_0067608,Dataset ISIC 2019/BKL/ISIC_0066634.jpg | Dataset ISIC 2019/BKL/ISIC_0067608.jpg
29,c533591d008681fa3b0f0aacd2cedc17,ISIC_0067608,Dataset ISIC 2019/BKL/ISIC_0067608.jpg,BKL,BKL,BCN_0001629,70.0,male,head/neck,same_class,same_lesion,2,ISIC_0066634 | ISIC_0067608,Dataset ISIC 2019/BKL/ISIC_0066634.jpg | Dataset ISIC 2019/BKL/ISIC_0067608.jpg
30,747a13a9919d25665ac19772ad38a804,ISIC_0055643,Dataset ISIC 2019/MEL/ISIC_0055643.jpg,MEL,MEL,BCN_0004135,70.0,male,palms/soles,same_class,same_lesion,2,ISIC_0055643 | ISIC_0065417,Dataset ISIC 2019/MEL/ISIC_0055643.jpg | Dataset ISIC 2019/MEL/ISIC_0065417.jpg
30,747a13a9919d25665ac19772ad38a804,ISIC_0065417,Dataset ISIC 2019/MEL/ISIC_0065417.jpg,MEL,MEL,BCN_0004135,70.0,male,palms/soles,same_class,same_lesion,2,ISIC_0055643 | ISIC_0065417,Dataset ISIC 2019/MEL/ISIC_0055643.jpg | Dataset ISIC 2019/MEL/ISIC_0065417.jpg
31,9ed2b2c48720907abd0948b0e1dc0e5c,ISIC_0056728,Dataset ISIC 2019/MEL/ISIC_0056728.jpg,MEL,MEL,BCN_0004135,70.0,male,palms/soles,same_class,same_lesion,2,ISIC_0068343 | ISIC_0056728,Dataset ISIC 2019/MEL/ISIC_0068343.jpg | Dataset ISIC 2019/MEL/ISIC_0056728.jpg
31,9ed2b2c48720907abd0948b0e1dc0e5c,ISIC_0068343,Dataset ISIC 2019/MEL/ISIC_0068343.jpg,MEL,MEL,BCN_0004135,70.0,male,palms/soles,same_class,same_lesion,2,ISIC_0068343 | ISIC_0056728,Dataset ISIC 2019/MEL/ISIC_0068343.jpg | Dataset ISIC 2019/MEL/ISIC_0056728.jpg
32,e38d2d407f1fb3bfd91402b482d25b96,ISIC_0054763,Dataset ISIC 2019/MEL/ISIC_0054763.jpg,MEL,MEL,BCN_0002989,80.0,male,palms/soles,same_class,same_lesion,2,ISIC_0054763 | ISIC_0054802,Dataset ISIC 2019/MEL/ISIC_0054763.jpg | Dataset ISIC 2019/MEL/ISIC_0054802.jpg
32,e38d2d407f1fb3bfd91402b482d25b96,ISIC_0054802,Dataset ISIC 2019/MEL/ISIC_0054802.jpg,MEL,MEL,BCN_0002989,80.0,male,palms/soles,same_class,same_lesion,2,ISIC_0054763 | ISIC_0054802,Dataset ISIC 2019/MEL/ISIC_0054763.jpg | Dataset ISIC 2019/MEL/ISIC_0054802.jpg
33,96447111051d7749d305e5ce334c2159,ISIC_0062983,Dataset ISIC 2019/MEL/ISIC_0062983.jpg,MEL,MEL,BCN_0004135,70.0,male,palms/soles,same_class,same_lesion,2,ISIC_0064339 | ISIC_0062983,Dataset ISIC 2019/MEL/ISIC_0064339.jpg | Dataset ISIC 2019/MEL/ISIC_0062983.jpg
33,96447111051d7749d305e5ce334c2159,ISIC_0064339,Dataset ISIC 2019/MEL/ISIC_0064339.jpg,MEL,MEL,BCN_0004135,70.0,male,palms/soles,same_class,same_lesion,2,ISIC_0064339 | ISIC_0062983,Dataset ISIC 2019/MEL/ISIC_0064339.jpg | Dataset ISIC 2019/MEL/ISIC_0062983.jpg
34,dfee45eb83b616850500dd9ebedf2b64,ISIC_0069013,Dataset ISIC 2019/NV/ISIC_0069013.jpg,NV,NV,BCN_0000237,40.0,male,anterior torso,CROSS_CLASS,MULTIPLE_LESIONS,2,ISIC_0071017 | ISIC_0069013,Dataset ISIC 2019/MEL/ISIC_0071017.jpg | Dataset ISIC 2019/NV/ISIC_0069013.jpg
34,dfee45eb83b616850500dd9ebedf2b64,ISIC_0071017,Dataset ISIC 2019/MEL/ISIC_0071017.jpg,MEL,MEL,BCN_0003560,20.0,female,anterior torso,CROSS_CLASS,MULTIPLE_LESIONS,2,ISIC_0071017 | ISIC_0069013,Dataset ISIC 2019/MEL/ISIC_0071017.jpg | Dataset ISIC 2019/NV/ISIC_0069013.jpg
35,cc129a1a7ef96fd2f9477cdaa6342550,ISIC_0061710,Dataset ISIC 2019/MEL/ISIC_0061710.jpg,MEL,MEL,BCN_0004135,70.0,male,palms/soles,same_class,same_lesion,2,ISIC_0061710 | ISIC_0073018,Dataset ISIC 2019/MEL/ISIC_0061710.jpg | Dataset ISIC 2019/MEL/ISIC_0073018.jpg
35,cc129a1a7ef96fd2f9477cdaa6342550,ISIC_0073018,Dataset ISIC 2019/MEL/ISIC_0073018.jpg,MEL,MEL,BCN_0004135,70.0,male,palms/soles,same_class,same_lesion,2,ISIC_0061710 | ISIC_0073018,Dataset ISIC 2019/MEL/ISIC_0061710.jpg | Dataset ISIC 2019/MEL/ISIC_0073018.jpg
36,08c8ef804610d0f9957a4109d6d29aa8,ISIC_0058770,Dataset ISIC 2019/MEL/ISIC_0058770.jpg,MEL,MEL,BCN_0002989,80.0,male,palms/soles,same_class,same_lesion,2,ISIC_0073173 | ISIC_0058770,Dataset ISIC 2019/MEL/ISIC_0073173.jpg | Dataset ISIC 2019/MEL/ISIC_0058770.jpg
36,08c8ef804610d0f9957a4109d6d29aa8,ISIC_0073173,Dataset ISIC 2019/MEL/ISIC_0073173.jpg,MEL,MEL,BCN_0002989,80.0,male,palms/soles,same_class,same_lesion,2,ISIC_0073173 | ISIC_0058770,Dataset ISIC 2019/MEL/ISIC_0073173.jpg | Dataset ISIC 2019/MEL/ISIC_0058770.jpg
37,6a402d95ee58cd554e2ec1aff2b47afe,ISIC_0067502,Dataset ISIC 2019/MEL/ISIC_0067502.jpg,MEL,MEL,BCN_0003560,20.0,female,anterior torso,CROSS_CLASS,MULTIPLE_LESIONS,2,ISIC_0067502 | ISIC_0067980,Dataset ISIC 2019/MEL/ISIC_0067502.jpg | Dataset ISIC 2019/NV/ISIC_0067980.jpg
37,6a402d95ee58cd554e2ec1aff2b47afe,ISIC_0067980,Dataset ISIC 2019/NV/ISIC_0067980.jpg,NV,NV,BCN_0000237,40.0,male,anterior torso,CROSS_CLASS,MULTIPLE_LESIONS,2,ISIC_0067502 | ISIC_0067980,Dataset ISIC 2019/MEL/ISIC_0067502.jpg | Dataset ISIC 2019/NV/ISIC_0067980.jpg
38,82d12116a9a3242008228639b20ffea0,ISIC_0053812,Dataset ISIC 2019/MEL/ISIC_0053812.jpg,MEL,MEL,BCN_0004135,70.0,male,palms/soles,same_class,same_lesion,2,ISIC_0053812 | ISIC_0071101,Dataset ISIC 2019/MEL/ISIC_0053812.jpg | Dataset ISIC 2019/MEL/ISIC_0071101.jpg
38,82d12116a9a3242008228639b20ffea0,ISIC_0071101,Dataset ISIC 2019/MEL/ISIC_0071101.jpg,MEL,MEL,BCN_0004135,70.0,male,palms/soles,same_class,same_lesion,2,ISIC_0053812 | ISIC_0071101,Dataset ISIC 2019/MEL/ISIC_0053812.jpg | Dataset ISIC 2019/MEL/ISIC_0071101.jpg
39,acf5798bf3b33816ec81ccde7bd5bf27,ISIC_0054334,Dataset ISIC 2019/MEL/ISIC_0054334.jpg,MEL,MEL,BCN_0002989,80.0,male,palms/soles,same_class,same_lesion,2,ISIC_0054334 | ISIC_0056130,Dataset ISIC 2019/MEL/ISIC_0054334.jpg | Dataset ISIC 2019/MEL/ISIC_0056130.jpg
39,acf5798bf3b33816ec81ccde7bd5bf27,ISIC_0056130,Dataset ISIC 2019/MEL/ISIC_0056130.jpg,MEL,MEL,BCN_0002989,80.0,male,palms/soles,same_class,same_lesion,2,ISIC_0054334 | ISIC_0056130,Dataset ISIC 2019/MEL/ISIC_0054334.jpg | Dataset ISIC 2019/MEL/ISIC_0056130.jpg
40,7ebfc5926d0717cdce240cbd694a6c98,ISIC_0024777,Dataset ISIC 2019/NV/ISIC_0024777.jpg,NV,NV,HAM_0001895,25.0,male,anterior torso,same_class,same_lesion,2,ISIC_0029938 | ISIC_0024777,Dataset ISIC 2019/NV/ISIC_0029938.jpg | Dataset ISIC 2019/NV/ISIC_0024777.jpg
40,7ebfc5926d0717cdce240cbd694a6c98,ISIC_0029938,Dataset ISIC 2019/NV/ISIC_0029938.jpg,NV,NV,HAM_0001895,25.0,male,anterior torso,same_class,same_lesion,2,ISIC_0029938 | ISIC_0024777,Dataset ISIC 2019/NV/ISIC_0029938.jpg | Dataset ISIC 2019/NV/ISIC_0024777.jpg
41,eee264eccbc2b4cfcd982599473d3a24,ISIC_0063659,Dataset ISIC 2019/NV/ISIC_0063659.jpg,NV,NV,BCN_0002049,,,,same_class,MULTIPLE_LESIONS,2,ISIC_0063659 | ISIC_0071073,Dataset ISIC 2019/NV/ISIC_0063659.jpg | Dataset ISIC 2019/NV/ISIC_0071073.jpg
41,eee264eccbc2b4cfcd982599473d3a24,ISIC_0071073,Dataset ISIC 2019/NV/ISIC_0071073.jpg,NV,NV,BCN_0002919,,,,same_class,MULTIPLE_LESIONS,2,ISIC_0063659 | ISIC_0071073,Dataset ISIC 2019/NV/ISIC_0063659.jpg | Dataset ISIC 2019/NV/ISIC_0071073.jpg
42,e161c2b6d620bde86ba9dbe373f70bed,ISIC_0062259,Dataset ISIC 2019/NV/ISIC_0062259.jpg,NV,NV,BCN_0002049,,,,same_class,MULTIPLE_LESIONS,2,ISIC_0062259 | ISIC_0063226,Dataset ISIC 2019/NV/ISIC_0062259.jpg | Dataset ISIC 2019/NV/ISIC_0063226.jpg
42,e161c2b6d620bde86ba9dbe373f70bed,ISIC_0063226,Dataset ISIC 2019/NV/ISIC_0063226.jpg,NV,NV,BCN_0002919,,,,same_class,MULTIPLE_LESIONS,2,ISIC_0062259 | ISIC_0063226,Dataset ISIC 2019/NV/ISIC_0062259.jpg | Dataset ISIC 2019/NV/ISIC_0063226.jpg
43,08b408acb8c320aecb4198c2bf3ed137,ISIC_0012127_downsampled,Dataset ISIC 2019/NV/ISIC_0012127_downsampled.jpg,NV,NV,,25.0,female,,same_class,same_lesion,2,ISIC_0012127_downsampled | ISIC_0012970_downsampled,Dataset ISIC 2019/NV/ISIC_0012127_downsampled.jpg | Dataset ISIC 2019/NV/ISIC_0012970_downsampled.jpg
43,08b408acb8c320aecb4198c2bf3ed137,ISIC_0012970_downsampled,Dataset ISIC 2019/NV/ISIC_0012970_downsampled.jpg,NV,NV,MSK4_0011472,30.0,female,lower extremity,same_class,same_lesion,2,ISIC_0012127_downsampled | ISIC_0012970_downsampled,Dataset ISIC 2019/NV/ISIC_0012127_downsampled.jpg | Dataset ISIC 2019/NV/ISIC_0012970_downsampled.jpg
44,846434507c7e080668d5a78e7fcecd82,ISIC_0060997,Dataset ISIC 2019/NV/ISIC_0060997.jpg,NV,NV,BCN_0002049,,,,same_class,MULTIPLE_LESIONS,2,ISIC_0072076 | ISIC_0060997,Dataset ISIC 2019/NV/ISIC_0072076.jpg | Dataset ISIC 2019/NV/ISIC_0060997.jpg
44,846434507c7e080668d5a78e7fcecd82,ISIC_0072076,Dataset ISIC 2019/NV/ISIC_0072076.jpg,NV,NV,BCN_0002919,,,,same_class,MULTIPLE_LESIONS,2,ISIC_0072076 | ISIC_0060997,Dataset ISIC 2019/NV/ISIC_0072076.jpg | Dataset ISIC 2019/NV/ISIC_0060997.jpg
45,38e666ddac3a68dd3fcfc2dcab1c8efa,ISIC_0024366,Dataset ISIC 2019/NV/ISIC_0024366.jpg,NV,NV,HAM_0002300,35.0,female,posterior torso,same_class,same_lesion,2,ISIC_0024366 | ISIC_0029861,Dataset ISIC 2019/NV/ISIC_0024366.jpg | Dataset ISIC 2019/NV/ISIC_0029861.jpg
45,38e666ddac3a68dd3fcfc2dcab1c8efa,ISIC_0029861,Dataset ISIC 2019/NV/ISIC_0029861.jpg,NV,NV,HAM_0002300,35.0,female,posterior torso,same_class,same_lesion,2,ISIC_0024366 | ISIC_0029861,Dataset ISIC 2019/NV/ISIC_0024366.jpg | Dataset ISIC 2019/NV/ISIC_0029861.jpg
46,187d89f4712a5d7ba7517b0237ba2d28,ISIC_0059354,Dataset ISIC 2019/NV/ISIC_0059354.jpg,NV,NV,BCN_0003820,65.0,male,lower extremity,same_class,same_lesion,2,ISIC_0059354 | ISIC_0071855,Dataset ISIC 2019/NV/ISIC_0059354.jpg | Dataset ISIC 2019/NV/ISIC_0071855.jpg
46,187d89f4712a5d7ba7517b0237ba2d28,ISIC_0071855,Dataset ISIC 2019/NV/ISIC_0071855.jpg,NV,NV,BCN_0003820,65.0,male,lower extremity,same_class,same_lesion,2,ISIC_0059354 | ISIC_0071855,Dataset ISIC 2019/NV/ISIC_0059354.jpg | Dataset ISIC 2019/NV/ISIC_0071855.jpg
47,533fc15e006c135e3b2b73c7ef776bf4,ISIC_0059661,Dataset ISIC 2019/NV/ISIC_0059661.jpg,NV,NV,BCN_0003820,65.0,male,lower extremity,same_class,same_lesion,2,ISIC_0059661 | ISIC_0066326,Dataset ISIC 2019/NV/ISIC_0059661.jpg | Dataset ISIC 2019/NV/ISIC_0066326.jpg
47,533fc15e006c135e3b2b73c7ef776bf4,ISIC_0066326,Dataset ISIC 2019/NV/ISIC_0066326.jpg,NV,NV,BCN_0003820,65.0,male,lower extremity,same_class,same_lesion,2,ISIC_0059661 | ISIC_0066326,Dataset ISIC 2019/NV/ISIC_0059661.jpg | Dataset ISIC 2019/NV/ISIC_0066326.jpg
48,337b27d12c53598005fca081802c9d6f,ISIC_0054792,Dataset ISIC 2019/NV/ISIC_0054792.jpg,NV,NV,BCN_0003820,65.0,male,lower extremity,same_class,same_lesion,2,ISIC_0054792 | ISIC_0072272,Dataset ISIC 2019/NV/ISIC_0054792.jpg | Dataset ISIC 2019/NV/ISIC_0072272.jpg
48,337b27d12c53598005fca081802c9d6f,ISIC_0072272,Dataset ISIC 2019/NV/ISIC_0072272.jpg,NV,NV,BCN_0003820,65.0,male,lower extremity,same_class,same_lesion,2,ISIC_0054792 | ISIC_0072272,Dataset ISIC 2019/NV/ISIC_0054792.jpg | Dataset ISIC 2019/NV/ISIC_0072272.jpg
49,2a249044089cb32a4345f2a9310b3a6c,ISIC_0064007,Dataset ISIC 2019/NV/ISIC_0064007.jpg,NV,NV,BCN_0002049,,,,same_class,MULTIPLE_LESIONS,2,ISIC_0064007 | ISIC_0071850,Dataset ISIC 2019/NV/ISIC_0064007.jpg | Dataset ISIC 2019/NV/ISIC_0071850.jpg
49,2a249044089cb32a4345f2a9310b3a6c,ISIC_0071850,Dataset ISIC 2019/NV/ISIC_0071850.jpg,NV,NV,BCN_0002919,,,,same_class,MULTIPLE_LESIONS,2,ISIC_0064007 | ISIC_0071850,Dataset ISIC 2019/NV/ISIC_0064007.jpg | Dataset ISIC 2019/NV/ISIC_0071850.jpg
50,207c5dc64b753f2eae3e478a86b610a8,ISIC_0054023,Dataset ISIC 2019/NV/ISIC_0054023.jpg,NV,NV,BCN_0002049,,,,same_class,MULTIPLE_LESIONS,2,ISIC_0054023 | ISIC_0064545,Dataset ISIC 2019/NV/ISIC_0054023.jpg | Dataset ISIC 2019/NV/ISIC_0064545.jpg
50,207c5dc64b753f2eae3e478a86b610a8,ISIC_0064545,Dataset ISIC 2019/NV/ISIC_0064545.jpg,NV,NV,BCN_0002919,,,,same_class,MULTIPLE_LESIONS,2,ISIC_0054023 | ISIC_0064545,Dataset ISIC 2019/NV/ISIC_0054023.jpg | Dataset ISIC 2019/NV/ISIC_0064545.jpg
