md5,image_id
87e83cf148f2ba891d474a08ba35351c,ISIC_0060116
87e83cf148f2ba891d474a08ba35351c,ISIC_0068354
b0a946dded633cd19ff7ca5c785cc11e,ISIC_0073198
b0a946dded633cd19ff7ca5c785cc11e,ISIC_0053738
a131e185153dd852854d8e44257a4af3,ISIC_0062609
a131e185153dd852854d8e44257a4af3,ISIC_0061121
3f1f0d6a1f4bc9baaeff4a8186a806ef,ISIC_0066220
3f1f0d6a1f4bc9baaeff4a8186a806ef,ISIC_0057051
e0f75835ee8b79d67d0a69a0b8206cd6,ISIC_0057477
e0f75835ee8b79d67d0a69a0b8206cd6,ISIC_0061307
fa17f236c151f3239838f4523ca5b31a,ISIC_0070713
fa17f236c151f3239838f4523ca5b31a,ISIC_0071606
eecaf56365da469a23704ab541b1fa69,ISIC_0054118
eecaf56365da469a23704ab541b1fa69,ISIC_0056756
d1cf329f2f75f91e4a4a371141bff060,ISIC_0071186
d1cf329f2f75f91e4a4a371141bff060,ISIC_0067799
297b4ed5c7822a1c5a23e53553735ca9,ISIC_0054075
297b4ed5c7822a1c5a23e53553735ca9,ISIC_0061861
75329fe1633aa3bc1fa972755957801e,ISIC_0065140
75329fe1633aa3bc1fa972755957801e,ISIC_0072994
5a67cc0a137307b2fed0867ad54b0c3c,ISIC_0061437
5a67cc0a137307b2fed0867ad54b0c3c,ISIC_0063677
a936647d75ad11730179e3ad8de80068,ISIC_0067341
a936647d75ad11730179e3ad8de80068,ISIC_0054986
f493c119a8d255aa1232fc91ef648eea,ISIC_0070345
f493c119a8d255aa1232fc91ef648eea,ISIC_0054113
daffc0cde230dd29099faac06fabf23f,ISIC_0071589
daffc0cde230dd29099faac06fabf23f,ISIC_0054074
7522facb942279a2ceae5da5d96e2154,ISIC_0066115
7522facb942279a2ceae5da5d96e2154,ISIC_0064300
7b06ca5d0d17a1c7d89c5b3c6b608f8c,ISIC_0064670
7b06ca5d0d17a1c7d89c5b3c6b608f8c,ISIC_0072410
a9a8a1836a8013114c7edd6d232ccf55,ISIC_0061089
a9a8a1836a8013114c7edd6d232ccf55,ISIC_0068249
c2fed755f6fb1b0c4b2e77b96f399c5d,ISIC_0069849
c2fed755f6fb1b0c4b2e77b96f399c5d,ISIC_0062361
eaea1df2d8d684407fcd98419bd8ac99,ISIC_0065588
eaea1df2d8d684407fcd98419bd8ac99,ISIC_0065639
d6da98fbc0444f7097d9869cbc5fdd6e,ISIC_0072042
d6da98fbc0444f7097d9869cbc5fdd6e,ISIC_0057272
e2da9bf3483452eccfabe1fce55cd3be,ISIC_0060606
e2da9bf3483452eccfabe1fce55cd3be,ISIC_0062094
e70642379e9f09499df377ab0f239e5a,ISIC_0073100
e70642379e9f09499df377ab0f239e5a,ISIC_0061802
3093b008e31f93171178911840359ee6,ISIC_0059011
3093b008e31f93171178911840359ee6,ISIC_0060857
f11b4a15ef15c83767826b29420006ea,ISIC_0054911
f11b4a15ef15c83767826b29420006ea,ISIC_0062368
1c1a73e59a8af4a0d00f710062b6accc,ISIC_0063304
1c1a73e59a8af4a0d00f710062b6accc,ISIC_0064285
b859471c39541e29a7709bd70b369dc4,ISIC_0069588
b859471c39541e29a7709bd70b369dc4,ISIC_0061902
227cb84d71f2eff7e8fa8a7ad12ea4c3,ISIC_0069118
227cb84d71f2eff7e8fa8a7ad12ea4c3,ISIC_0061391
f4dbce9793cf02f3bbc02647496e5311,ISIC_0060482
f4dbce9793cf02f3bbc02647496e5311,ISIC_0062371
c533591d008681fa3b0f0aacd2cedc17,ISIC_0066634
c533591d008681fa3b0f0aacd2cedc17,ISIC_0067608
747a13a9919d25665ac19772ad38a804,ISIC_0055643
747a13a9919d25665ac19772ad38a804,ISIC_0065417
9ed2b2c48720907abd0948b0e1dc0e5c,ISIC_0068343
9ed2b2c48720907abd0948b0e1dc0e5c,ISIC_0056728
e38d2d407f1fb3bfd91402b482d25b96,ISIC_0054763
e38d2d407f1fb3bfd91402b482d25b96,ISIC_0054802
96447111051d7749d305e5ce334c2159,ISIC_0064339
96447111051d7749d305e5ce334c2159,ISIC_0062983
dfee45eb83b616850500dd9ebedf2b64,ISIC_0071017
dfee45eb83b616850500dd9ebedf2b64,ISIC_0069013
cc129a1a7ef96fd2f9477cdaa6342550,ISIC_0061710
cc129a1a7ef96fd2f9477cdaa6342550,ISIC_0073018
08c8ef804610d0f9957a4109d6d29aa8,ISIC_0073173
08c8ef804610d0f9957a4109d6d29aa8,ISIC_0058770
6a402d95ee58cd554e2ec1aff2b47afe,ISIC_0067502
6a402d95ee58cd554e2ec1aff2b47afe,ISIC_0067980
82d12116a9a3242008228639b20ffea0,ISIC_0053812
82d12116a9a3242008228639b20ffea0,ISIC_0071101
acf5798bf3b33816ec81ccde7bd5bf27,ISIC_0054334
acf5798bf3b33816ec81ccde7bd5bf27,ISIC_0056130
7ebfc5926d0717cdce240cbd694a6c98,ISIC_0029938
7ebfc5926d0717cdce240cbd694a6c98,ISIC_0024777
eee264eccbc2b4cfcd982599473d3a24,ISIC_0063659
eee264eccbc2b4cfcd982599473d3a24,ISIC_0071073
e161c2b6d620bde86ba9dbe373f70bed,ISIC_0062259
e161c2b6d620bde86ba9dbe373f70bed,ISIC_0063226
08b408acb8c320aecb4198c2bf3ed137,ISIC_0012127_downsampled
08b408acb8c320aecb4198c2bf3ed137,ISIC_0012970_downsampled
846434507c7e080668d5a78e7fcecd82,ISIC_0072076
846434507c7e080668d5a78e7fcecd82,ISIC_0060997
38e666ddac3a68dd3fcfc2dcab1c8efa,ISIC_0024366
38e666ddac3a68dd3fcfc2dcab1c8efa,ISIC_0029861
187d89f4712a5d7ba7517b0237ba2d28,ISIC_0059354
187d89f4712a5d7ba7517b0237ba2d28,ISIC_0071855
533fc15e006c135e3b2b73c7ef776bf4,ISIC_0059661
533fc15e006c135e3b2b73c7ef776bf4,ISIC_0066326
337b27d12c53598005fca081802c9d6f,ISIC_0054792
337b27d12c53598005fca081802c9d6f,ISIC_0072272
2a249044089cb32a4345f2a9310b3a6c,ISIC_0064007
2a249044089cb32a4345f2a9310b3a6c,ISIC_0071850
207c5dc64b753f2eae3e478a86b610a8,ISIC_0054023
207c5dc64b753f2eae3e478a86b610a8,ISIC_0064545
