duplicate_group,image_id,official_label,folder_label,lesion_id,age_approx,sex,anatom_site_general,path,group_classes,group_lesions,cross_class,multiple_lesions
19,ISIC_0065588,BKL,BKL,BCN_0001604,80.0,male,anterior torso,Dataset ISIC 2019/BKL/ISIC_0065588.jpg,BKL,BCN_0001604 | BCN_0004816,False,True
19,ISIC_0065639,BKL,BKL,BCN_0004816,85.0,female,head/neck,Dataset ISIC 2019/BKL/ISIC_0065639.jpg,BKL,BCN_0001604 | BCN_0004816,False,True
20,ISIC_0057272,BKL,BKL,BCN_0004816,85.0,female,head/neck,Dataset ISIC 2019/BKL/ISIC_0057272.jpg,BKL,BCN_0001604 | BCN_0004816,False,True
20,ISIC_0072042,BKL,BKL,BCN_0001604,80.0,male,anterior torso,Dataset ISIC 2019/BKL/ISIC_0072042.jpg,BKL,BCN_0001604 | BCN_0004816,False,True
25,ISIC_0063304,BKL,BKL,BCN_0004816,85.0,female,head/neck,Dataset ISIC 2019/BKL/ISIC_0063304.jpg,BKL,BCN_0001604 | BCN_0004816,False,True
25,ISIC_0064285,BKL,BKL,BCN_0001604,80.0,male,anterior torso,Dataset ISIC 2019/BKL/ISIC_0064285.jpg,BKL,BCN_0001604 | BCN_0004816,False,True
34,ISIC_0069013,NV,NV,BCN_0000237,40.0,male,anterior torso,Dataset ISIC 2019/NV/ISIC_0069013.jpg,MEL | NV,BCN_0000237 | BCN_0003560,True,True
34,ISIC_0071017,MEL,MEL,BCN_0003560,20.0,female,anterior torso,Dataset ISIC 2019/MEL/ISIC_0071017.jpg,MEL | NV,BCN_0000237 | BCN_0003560,True,True
37,ISIC_0067502,MEL,MEL,BCN_0003560,20.0,female,anterior torso,Dataset ISIC 2019/MEL/ISIC_0067502.jpg,MEL | NV,BCN_0000237 | BCN_0003560,True,True
37,ISIC_0067980,NV,NV,BCN_0000237,40.0,male,anterior torso,Dataset ISIC 2019/NV/ISIC_0067980.jpg,MEL | NV,BCN_0000237 | BCN_0003560,True,True
41,ISIC_0063659,NV,NV,BCN_0002049,,,,Dataset ISIC 2019/NV/ISIC_0063659.jpg,NV,BCN_0002049 | BCN_0002919,False,True
41,ISIC_0071073,NV,NV,BCN_0002919,,,,Dataset ISIC 2019/NV/ISIC_0071073.jpg,NV,BCN_0002049 | BCN_0002919,False,True
42,ISIC_0062259,NV,NV,BCN_0002049,,,,Dataset ISIC 2019/NV/ISIC_0062259.jpg,NV,BCN_0002049 | BCN_0002919,False,True
42,ISIC_0063226,NV,NV,BCN_0002919,,,,Dataset ISIC 2019/NV/ISIC_0063226.jpg,NV,BCN_0002049 | BCN_0002919,False,True
44,ISIC_0060997,NV,NV,BCN_0002049,,,,Dataset ISIC 2019/NV/ISIC_0060997.jpg,NV,BCN_0002049 | BCN_0002919,False,True
44,ISIC_0072076,NV,NV,BCN_0002919,,,,Dataset ISIC 2019/NV/ISIC_0072076.jpg,NV,BCN_0002049 | BCN_0002919,False,True
49,ISIC_0064007,NV,NV,BCN_0002049,,,,Dataset ISIC 2019/NV/ISIC_0064007.jpg,NV,BCN_0002049 | BCN_0002919,False,True
49,ISIC_0071850,NV,NV,BCN_0002919,,,,Dataset ISIC 2019/NV/ISIC_0071850.jpg,NV,BCN_0002049 | BCN_0002919,False,True
50,ISIC_0054023,NV,NV,BCN_0002049,,,,Dataset ISIC 2019/NV/ISIC_0054023.jpg,NV,BCN_0002049 | BCN_0002919,False,True
50,ISIC_0064545,NV,NV,BCN_0002919,,,,Dataset ISIC 2019/NV/ISIC_0064545.jpg,NV,BCN_0002049 | BCN_0002919,False,True
