true_class,model_a,model_b,disagreements,a_correct,b_correct,oracle_correct,oracle_accuracy,confidence_winner_accuracy,mean_confidence_a,mean_confidence_b
AK,resnet50,efficientnet_v2_s,12,2,4,6,0.5,0.3333333333333333,0.6625930294394493,0.9344135274489721
BCC,resnet50,efficientnet_v2_s,43,18,18,36,0.8372093023255814,0.627906976744186,0.8074057594288228,0.8319319133148637
BKL,resnet50,efficientnet_v2_s,43,21,13,34,0.7906976744186046,0.46511627906976744,0.7705084362695384,0.8401987615019776
DF,resnet50,efficientnet_v2_s,5,4,0,4,0.8,0.2,0.714153790473938,0.6648180663585663
MEL,resnet50,efficientnet_v2_s,75,30,35,65,0.8666666666666667,0.5466666666666666,0.7567936027050018,0.8285836398601532
NV,resnet50,efficientnet_v2_s,107,39,54,93,0.8691588785046729,0.5794392523364486,0.7884717681140543,0.8372793515151906
SCC,resnet50,efficientnet_v2_s,15,5,2,7,0.4666666666666667,0.3333333333333333,0.7807635843753815,0.8628404974937439
AK,resnet50,efficientnet_b3,19,5,3,8,0.42105263157894735,0.21052631578947367,0.734817424887105,0.7464642744315299
BCC,resnet50,efficientnet_b3,49,22,18,40,0.8163265306122449,0.5510204081632653,0.825796335327382,0.7574537013258252
BKL,resnet50,efficientnet_b3,47,24,11,35,0.7446808510638298,0.46808510638297873,0.8224858603578933,0.7330289996684866
DF,resnet50,efficientnet_b3,7,4,1,5,0.7142857142857143,0.42857142857142855,0.7719165938241142,0.8432244488171169
MEL,resnet50,efficientnet_b3,86,41,26,67,0.7790697674418605,0.46511627906976744,0.781378124688947,0.7571650109318799
NV,resnet50,efficientnet_b3,106,45,47,92,0.8679245283018868,0.5471698113207547,0.774797222524319,0.7281022648204047
SCC,resnet50,efficientnet_b3,16,6,4,10,0.625,0.4375,0.7177308686077595,0.6247008517384529
AK,resnet50,mobilenet_v3_large,21,7,2,9,0.42857142857142855,0.3333333333333333,0.7470173594497499,0.610566775004069
BCC,resnet50,mobilenet_v3_large,48,21,21,42,0.875,0.6041666666666666,0.8021378312259912,0.7556191142648458
BKL,resnet50,mobilenet_v3_large,41,20,11,31,0.7560975609756098,0.4146341463414634,0.785661080988442,0.7371481191821214
DF,resnet50,mobilenet_v3_large,6,5,1,6,1.0,0.5,0.6941319704055786,0.5959561417500178
MEL,resnet50,mobilenet_v3_large,76,29,31,60,0.7894736842105263,0.4473684210526316,0.7575192514218783,0.7189939512233985
NV,resnet50,mobilenet_v3_large,108,43,58,101,0.9351851851851852,0.5370370370370371,0.7890982224985406,0.7478659851131616
SCC,resnet50,mobilenet_v3_large,19,5,3,8,0.42105263157894735,0.2631578947368421,0.783111710297434,0.677419093094374
AK,resnet50,deit_tiny,23,8,3,11,0.4782608695652174,0.30434782608695654,0.8154367765654689,0.751319944858551
BCC,resnet50,deit_tiny,53,23,24,47,0.8867924528301887,0.6226415094339622,0.8382394746789392,0.8255320017067891
BKL,resnet50,deit_tiny,37,20,11,31,0.8378378378378378,0.5135135135135135,0.7994801506802842,0.8597592115402222
DF,resnet50,deit_tiny,7,5,1,6,0.8571428571428571,0.0,0.7141167095729283,0.8915023974009922
MEL,resnet50,deit_tiny,80,38,28,66,0.825,0.45,0.7667553097009658,0.8210025481879711
NV,resnet50,deit_tiny,119,49,58,107,0.8991596638655462,0.5378151260504201,0.7856274452530035,0.8192365302258179
SCC,resnet50,deit_tiny,19,6,2,8,0.42105263157894735,0.21052631578947367,0.752760532655214,0.8584732883854916
AK,resnet50,swin_tiny,21,4,5,9,0.42857142857142855,0.19047619047619047,0.7430074172360557,0.682315727074941
BCC,resnet50,swin_tiny,50,27,13,40,0.8,0.58,0.8355203646421433,0.7153749191761016
BKL,resnet50,swin_tiny,42,19,15,34,0.8095238095238095,0.4523809523809524,0.7691180528629393,0.7196963954539526
DF,resnet50,swin_tiny,5,4,0,4,0.8,0.6,0.7286347508430481,0.5803343713283539
MEL,resnet50,swin_tiny,67,28,30,58,0.8656716417910447,0.582089552238806,0.781040890448129,0.7726017089922037
NV,resnet50,swin_tiny,109,43,58,101,0.926605504587156,0.5504587155963303,0.7934482182384631,0.7322118842820509
SCC,resnet50,swin_tiny,17,7,2,9,0.5294117647058824,0.47058823529411764,0.7841270706232857,0.6003867580610163
AK,efficientnet_v2_s,efficientnet_b3,11,4,0,4,0.36363636363636365,0.2727272727272727,0.9038997184146534,0.6672333831136877
BCC,efficientnet_v2_s,efficientnet_b3,54,23,19,42,0.7777777777777778,0.5185185185185185,0.8221759641612018,0.7303910271988975
BKL,efficientnet_v2_s,efficientnet_b3,41,16,11,27,0.6585365853658537,0.3902439024390244,0.8177238223029346,0.7399558374067632
MEL,efficientnet_v2_s,efficientnet_b3,86,43,23,66,0.7674418604651163,0.5581395348837209,0.8684004617984905,0.7605060671651086
NV,efficientnet_v2_s,efficientnet_b3,107,53,40,93,0.8691588785046729,0.5700934579439252,0.8309047773619679,0.7140415550392365
SCC,efficientnet_v2_s,efficientnet_b3,17,3,4,7,0.4117647058823529,0.29411764705882354,0.8104859906084397,0.6711291846107034
AK,efficientnet_v2_s,mobilenet_v3_large,17,8,1,9,0.5294117647058824,0.47058823529411764,0.9375158057493322,0.6175308718400843
BCC,efficientnet_v2_s,mobilenet_v3_large,41,16,16,32,0.7804878048780488,0.5365853658536586,0.8197613969081785,0.7507315321666438
BKL,efficientnet_v2_s,mobilenet_v3_large,37,16,15,31,0.8378378378378378,0.43243243243243246,0.8361256299792109,0.6995131018999461
DF,efficientnet_v2_s,mobilenet_v3_large,5,1,1,2,0.4,0.4,0.7117123186588288,0.6305973708629609
MEL,efficientnet_v2_s,mobilenet_v3_large,61,24,21,45,0.7377049180327869,0.4262295081967213,0.8157780790915254,0.6926504075527191
NV,efficientnet_v2_s,mobilenet_v3_large,89,40,40,80,0.898876404494382,0.6404494382022472,0.8467160557093245,0.7425174760014823
SCC,efficientnet_v2_s,mobilenet_v3_large,13,1,2,3,0.23076923076923078,0.07692307692307693,0.8280416406117953,0.6543801610286419
AK,efficientnet_v2_s,deit_tiny,20,8,1,9,0.45,0.35,0.944518867135048,0.7139548808336258
BCC,efficientnet_v2_s,deit_tiny,44,17,18,35,0.7954545454545454,0.5454545454545454,0.840977200052955,0.8194084011695602
BKL,efficientnet_v2_s,deit_tiny,42,16,15,31,0.7380952380952381,0.42857142857142855,0.8668240010738373,0.8725423358735585
DF,efficientnet_v2_s,deit_tiny,6,1,1,2,0.3333333333333333,0.3333333333333333,0.763022224108378,0.8951991101106008
MEL,efficientnet_v2_s,deit_tiny,81,40,25,65,0.8024691358024691,0.49382716049382713,0.8448553423822662,0.8362298092724364
NV,efficientnet_v2_s,deit_tiny,105,49,43,92,0.8761904761904762,0.5428571428571428,0.8760998657771519,0.8133213710217249
SCC,efficientnet_v2_s,deit_tiny,15,3,2,5,0.3333333333333333,0.2,0.8658408681551616,0.8567036628723145
AK,efficientnet_v2_s,swin_tiny,14,4,3,7,0.5,0.2857142857142857,0.9653855647359576,0.6967069506645203
BCC,efficientnet_v2_s,swin_tiny,45,26,12,38,0.8444444444444444,0.5777777777777777,0.855698514646954,0.7156701412465837
BKL,efficientnet_v2_s,swin_tiny,35,12,16,28,0.8,0.45714285714285713,0.8103183022567204,0.7280870565346309
MEL,efficientnet_v2_s,swin_tiny,63,25,22,47,0.746031746031746,0.5555555555555556,0.8110279776747265,0.7623979425619519
NV,efficientnet_v2_s,swin_tiny,94,39,39,78,0.8297872340425532,0.5106382978723404,0.854712352473685,0.7203048366181394
SCC,efficientnet_v2_s,swin_tiny,20,4,2,6,0.3,0.3,0.819996640086174,0.6695328295230866
AK,efficientnet_b3,mobilenet_v3_large,19,6,3,9,0.47368421052631576,0.3157894736842105,0.7436367320386987,0.6081277963362242
BCC,efficientnet_b3,mobilenet_v3_large,60,24,28,52,0.8666666666666667,0.5,0.7386234487096469,0.7578817491730054
BKL,efficientnet_b3,mobilenet_v3_large,42,15,19,34,0.8095238095238095,0.5476190476190477,0.7513773178770429,0.7363549988894236
DF,efficientnet_b3,mobilenet_v3_large,7,2,1,3,0.42857142857142855,0.2857142857142857,0.8894803694316319,0.6760198857103076
MEL,efficientnet_b3,mobilenet_v3_large,85,23,40,63,0.7411764705882353,0.43529411764705883,0.763893485770506,0.7010818902183982
NV,efficientnet_b3,mobilenet_v3_large,100,33,46,79,0.79,0.51,0.7007464304566383,0.7282094702124595
SCC,efficientnet_b3,mobilenet_v3_large,19,4,4,8,0.42105263157894735,0.3684210526315789,0.6950460170444689,0.7083615503813091
AK,efficientnet_b3,deit_tiny,24,5,2,7,0.2916666666666667,0.16666666666666666,0.8302339787284533,0.7779176346957684
BCC,efficientnet_b3,deit_tiny,48,18,23,41,0.8541666666666666,0.5833333333333334,0.7625643101831278,0.8386147245764732
BKL,efficientnet_b3,deit_tiny,45,17,21,38,0.8444444444444444,0.5111111111111111,0.7728655556837718,0.871466150548723
DF,efficientnet_b3,deit_tiny,5,1,0,1,0.2,0.2,0.8814472556114197,0.9135393381118775
MEL,efficientnet_b3,deit_tiny,94,33,38,71,0.7553191489361702,0.4148936170212766,0.7849210690944752,0.8642102055093075
NV,efficientnet_b3,deit_tiny,124,49,56,105,0.8467741935483871,0.5,0.72387231910421,0.8176905923793393
SCC,efficientnet_b3,deit_tiny,17,3,1,4,0.23529411764705882,0.11764705882352941,0.6373304759754854,0.8445580216015086
AK,efficientnet_b3,swin_tiny,20,2,5,7,0.35,0.15,0.7861389353871345,0.7233679696917534
BCC,efficientnet_b3,swin_tiny,57,28,18,46,0.8070175438596491,0.5964912280701754,0.7437810913512581,0.6974451029509828
BKL,efficientnet_b3,swin_tiny,41,11,20,31,0.7560975609756098,0.5121951219512195,0.749816869817129,0.7911555847016777
DF,efficientnet_b3,swin_tiny,5,2,1,3,0.6,0.4,0.8923181533813477,0.6185472548007965
MEL,efficientnet_b3,swin_tiny,81,23,40,63,0.7777777777777778,0.43209876543209874,0.7610916407020004,0.7848383188247681
NV,efficientnet_b3,swin_tiny,103,33,46,79,0.7669902912621359,0.49514563106796117,0.7144234082073841,0.7191959628202382
SCC,efficientnet_b3,swin_tiny,20,6,3,9,0.45,0.25,0.6699772506952286,0.6339899271726608
AK,mobilenet_v3_large,deit_tiny,22,3,3,6,0.2727272727272727,0.13636363636363635,0.7080347361889753,0.8215327791192315
BCC,mobilenet_v3_large,deit_tiny,43,19,20,39,0.9069767441860465,0.6046511627906976,0.7990304231643677,0.8219606141711391
BKL,mobilenet_v3_large,deit_tiny,45,18,18,36,0.8,0.4666666666666667,0.7354128579298655,0.8788082970513238
MEL,mobilenet_v3_large,deit_tiny,77,37,25,62,0.8051948051948052,0.38961038961038963,0.7276794635630274,0.8293225173052255
NV,mobilenet_v3_large,deit_tiny,104,47,41,88,0.8461538461538461,0.5096153846153846,0.747159254952119,0.8143852717028215
SCC,mobilenet_v3_large,deit_tiny,19,3,1,4,0.21052631578947367,0.05263157894736842,0.731972630086698,0.8801866299227664
AK,mobilenet_v3_large,swin_tiny,23,3,9,12,0.5217391304347826,0.391304347826087,0.6690304046091826,0.7066687151141788
BCC,mobilenet_v3_large,swin_tiny,45,25,11,36,0.8,0.5777777777777777,0.7624431689580281,0.6985933595233493
BKL,mobilenet_v3_large,swin_tiny,35,11,16,27,0.7714285714285715,0.5428571428571428,0.6991498419216701,0.7172999322414398
DF,mobilenet_v3_large,swin_tiny,5,1,1,2,0.4,0.2,0.5387876212596894,0.501529973745346
MEL,mobilenet_v3_large,swin_tiny,64,28,28,56,0.875,0.4375,0.7025774796493351,0.7856399877928197
NV,mobilenet_v3_large,swin_tiny,101,42,42,84,0.8316831683168316,0.5346534653465347,0.722403749676034,0.7027662021688895
SCC,mobilenet_v3_large,swin_tiny,18,5,2,7,0.3888888888888889,0.2777777777777778,0.7470993399620056,0.6765555176470015
AK,deit_tiny,swin_tiny,20,1,7,8,0.4,0.2,0.7479393824934959,0.694999971985817
BCC,deit_tiny,swin_tiny,54,31,16,47,0.8703703703703703,0.6666666666666666,0.8176277152918003,0.7211730149057176
BKL,deit_tiny,swin_tiny,35,12,17,29,0.8285714285714286,0.45714285714285713,0.8738478354045323,0.7424123585224152
MEL,deit_tiny,swin_tiny,70,23,35,58,0.8285714285714286,0.42857142857142855,0.8123307338782719,0.7626331401722771
NV,deit_tiny,swin_tiny,107,43,49,92,0.8598130841121495,0.5046728971962616,0.8148603937893271,0.7129514559964153
SCC,deit_tiny,swin_tiny,20,3,2,5,0.25,0.15,0.88219855427742,0.6807608753442764
