true_class,model_a,model_b,samples,a_wrong_b_correct,b_wrong_a_correct,b_correct_given_a_wrong,a_correct_given_b_wrong
AK,resnet50,efficientnet_v2_s,44,4,2,0.13793103448275862,0.07407407407407407
AK,resnet50,efficientnet_b3,44,3,5,0.10344827586206896,0.16129032258064516
AK,resnet50,mobilenet_v3_large,44,2,7,0.06896551724137931,0.20588235294117646
AK,resnet50,deit_tiny,44,3,8,0.10344827586206896,0.23529411764705882
AK,resnet50,swin_tiny,44,5,4,0.1724137931034483,0.14285714285714285
AK,efficientnet_v2_s,efficientnet_b3,44,0,4,0.0,0.12903225806451613
AK,efficientnet_v2_s,mobilenet_v3_large,44,1,8,0.037037037037037035,0.23529411764705882
AK,efficientnet_v2_s,deit_tiny,44,1,8,0.037037037037037035,0.23529411764705882
AK,efficientnet_v2_s,swin_tiny,44,3,4,0.1111111111111111,0.14285714285714285
AK,efficientnet_b3,mobilenet_v3_large,44,3,6,0.0967741935483871,0.17647058823529413
AK,efficientnet_b3,deit_tiny,44,2,5,0.06451612903225806,0.14705882352941177
AK,efficientnet_b3,swin_tiny,44,5,2,0.16129032258064516,0.07142857142857142
AK,mobilenet_v3_large,deit_tiny,44,3,3,0.08823529411764706,0.08823529411764706
AK,mobilenet_v3_large,swin_tiny,44,9,3,0.2647058823529412,0.10714285714285714
AK,deit_tiny,swin_tiny,44,7,1,0.20588235294117646,0.03571428571428571
BCC,resnet50,efficientnet_v2_s,167,18,18,0.43902439024390244,0.43902439024390244
BCC,resnet50,efficientnet_b3,167,18,22,0.43902439024390244,0.4888888888888889
BCC,resnet50,mobilenet_v3_large,167,21,21,0.5121951219512195,0.5121951219512195
BCC,resnet50,deit_tiny,167,24,23,0.5853658536585366,0.575
BCC,resnet50,swin_tiny,167,13,27,0.3170731707317073,0.4909090909090909
BCC,efficientnet_v2_s,efficientnet_b3,167,19,23,0.4634146341463415,0.5111111111111111
BCC,efficientnet_v2_s,mobilenet_v3_large,167,16,16,0.3902439024390244,0.3902439024390244
BCC,efficientnet_v2_s,deit_tiny,167,18,17,0.43902439024390244,0.425
BCC,efficientnet_v2_s,swin_tiny,167,12,26,0.2926829268292683,0.4727272727272727
BCC,efficientnet_b3,mobilenet_v3_large,167,28,24,0.6222222222222222,0.5853658536585366
BCC,efficientnet_b3,deit_tiny,167,23,18,0.5111111111111111,0.45
BCC,efficientnet_b3,swin_tiny,167,18,28,0.4,0.509090909090909
BCC,mobilenet_v3_large,deit_tiny,167,20,19,0.4878048780487805,0.475
BCC,mobilenet_v3_large,swin_tiny,167,11,25,0.2682926829268293,0.45454545454545453
BCC,deit_tiny,swin_tiny,167,16,31,0.4,0.5636363636363636
BKL,resnet50,efficientnet_v2_s,132,13,21,0.3333333333333333,0.44680851063829785
BKL,resnet50,efficientnet_b3,132,11,24,0.28205128205128205,0.46153846153846156
BKL,resnet50,mobilenet_v3_large,132,11,20,0.28205128205128205,0.4166666666666667
BKL,resnet50,deit_tiny,132,11,20,0.28205128205128205,0.4166666666666667
BKL,resnet50,swin_tiny,132,15,19,0.38461538461538464,0.4418604651162791
BKL,efficientnet_v2_s,efficientnet_b3,132,11,16,0.23404255319148937,0.3076923076923077
BKL,efficientnet_v2_s,mobilenet_v3_large,132,15,16,0.3191489361702128,0.3333333333333333
BKL,efficientnet_v2_s,deit_tiny,132,15,16,0.3191489361702128,0.3333333333333333
BKL,efficientnet_v2_s,swin_tiny,132,16,12,0.3404255319148936,0.27906976744186046
BKL,efficientnet_b3,mobilenet_v3_large,132,19,15,0.36538461538461536,0.3125
BKL,efficientnet_b3,deit_tiny,132,21,17,0.40384615384615385,0.3541666666666667
BKL,efficientnet_b3,swin_tiny,132,20,11,0.38461538461538464,0.2558139534883721
BKL,mobilenet_v3_large,deit_tiny,132,18,18,0.375,0.375
BKL,mobilenet_v3_large,swin_tiny,132,16,11,0.3333333333333333,0.2558139534883721
BKL,deit_tiny,swin_tiny,132,17,12,0.3541666666666667,0.27906976744186046
DF,resnet50,efficientnet_v2_s,11,0,4,0.0,0.5
DF,resnet50,efficientnet_b3,11,1,4,0.25,0.5714285714285714
DF,resnet50,mobilenet_v3_large,11,1,5,0.25,0.625
DF,resnet50,deit_tiny,11,1,5,0.25,0.625
DF,resnet50,swin_tiny,11,0,4,0.0,0.5
DF,efficientnet_v2_s,efficientnet_b3,11,1,0,0.125,0.0
DF,efficientnet_v2_s,mobilenet_v3_large,11,1,1,0.125,0.125
DF,efficientnet_v2_s,deit_tiny,11,1,1,0.125,0.125
DF,efficientnet_v2_s,swin_tiny,11,1,1,0.125,0.125
DF,efficientnet_b3,mobilenet_v3_large,11,1,2,0.14285714285714285,0.25
DF,efficientnet_b3,deit_tiny,11,0,1,0.0,0.125
DF,efficientnet_b3,swin_tiny,11,1,2,0.14285714285714285,0.25
DF,mobilenet_v3_large,deit_tiny,11,1,1,0.125,0.125
DF,mobilenet_v3_large,swin_tiny,11,1,1,0.125,0.125
DF,deit_tiny,swin_tiny,11,1,1,0.125,0.125
MEL,resnet50,efficientnet_v2_s,226,35,30,0.3977272727272727,0.3614457831325301
MEL,resnet50,efficientnet_b3,226,26,41,0.29545454545454547,0.39805825242718446
MEL,resnet50,mobilenet_v3_large,226,31,29,0.3522727272727273,0.3372093023255814
MEL,resnet50,deit_tiny,226,28,38,0.3181818181818182,0.3877551020408163
MEL,resnet50,swin_tiny,226,30,28,0.3409090909090909,0.32558139534883723
MEL,efficientnet_v2_s,efficientnet_b3,226,23,43,0.27710843373493976,0.4174757281553398
MEL,efficientnet_v2_s,mobilenet_v3_large,226,21,24,0.25301204819277107,0.27906976744186046
MEL,efficientnet_v2_s,deit_tiny,226,25,40,0.30120481927710846,0.40816326530612246
MEL,efficientnet_v2_s,swin_tiny,226,22,25,0.26506024096385544,0.29069767441860467
MEL,efficientnet_b3,mobilenet_v3_large,226,40,23,0.3883495145631068,0.26744186046511625
MEL,efficientnet_b3,deit_tiny,226,38,33,0.36893203883495146,0.336734693877551
MEL,efficientnet_b3,swin_tiny,226,40,23,0.3883495145631068,0.26744186046511625
MEL,mobilenet_v3_large,deit_tiny,226,25,37,0.29069767441860467,0.37755102040816324
MEL,mobilenet_v3_large,swin_tiny,226,28,28,0.32558139534883723,0.32558139534883723
MEL,deit_tiny,swin_tiny,226,35,23,0.35714285714285715,0.26744186046511625
NV,resnet50,efficientnet_v2_s,644,54,39,0.4864864864864865,0.40625
NV,resnet50,efficientnet_b3,644,47,45,0.42342342342342343,0.41284403669724773
NV,resnet50,mobilenet_v3_large,644,58,43,0.5225225225225225,0.4479166666666667
NV,resnet50,deit_tiny,644,58,49,0.5225225225225225,0.4803921568627451
NV,resnet50,swin_tiny,644,58,43,0.5225225225225225,0.4479166666666667
NV,efficientnet_v2_s,efficientnet_b3,644,40,53,0.4166666666666667,0.48623853211009177
NV,efficientnet_v2_s,mobilenet_v3_large,644,40,40,0.4166666666666667,0.4166666666666667
NV,efficientnet_v2_s,deit_tiny,644,43,49,0.4479166666666667,0.4803921568627451
NV,efficientnet_v2_s,swin_tiny,644,39,39,0.40625,0.40625
NV,efficientnet_b3,mobilenet_v3_large,644,46,33,0.42201834862385323,0.34375
NV,efficientnet_b3,deit_tiny,644,56,49,0.5137614678899083,0.4803921568627451
NV,efficientnet_b3,swin_tiny,644,46,33,0.42201834862385323,0.34375
NV,mobilenet_v3_large,deit_tiny,644,41,47,0.4270833333333333,0.46078431372549017
NV,mobilenet_v3_large,swin_tiny,644,42,42,0.4375,0.4375
NV,deit_tiny,swin_tiny,644,49,43,0.4803921568627451,0.4479166666666667
SCC,resnet50,efficientnet_v2_s,31,2,5,0.10526315789473684,0.22727272727272727
SCC,resnet50,efficientnet_b3,31,4,6,0.21052631578947367,0.2857142857142857
SCC,resnet50,mobilenet_v3_large,31,3,5,0.15789473684210525,0.23809523809523808
SCC,resnet50,deit_tiny,31,2,6,0.10526315789473684,0.2608695652173913
SCC,resnet50,swin_tiny,31,2,7,0.10526315789473684,0.2916666666666667
SCC,efficientnet_v2_s,efficientnet_b3,31,4,3,0.18181818181818182,0.14285714285714285
SCC,efficientnet_v2_s,mobilenet_v3_large,31,2,1,0.09090909090909091,0.047619047619047616
SCC,efficientnet_v2_s,deit_tiny,31,2,3,0.09090909090909091,0.13043478260869565
SCC,efficientnet_v2_s,swin_tiny,31,2,4,0.09090909090909091,0.16666666666666666
SCC,efficientnet_b3,mobilenet_v3_large,31,4,4,0.19047619047619047,0.19047619047619047
SCC,efficientnet_b3,deit_tiny,31,1,3,0.047619047619047616,0.13043478260869565
SCC,efficientnet_b3,swin_tiny,31,3,6,0.14285714285714285,0.25
SCC,mobilenet_v3_large,deit_tiny,31,1,3,0.047619047619047616,0.13043478260869565
SCC,mobilenet_v3_large,swin_tiny,31,2,5,0.09523809523809523,0.20833333333333334
SCC,deit_tiny,swin_tiny,31,2,3,0.08695652173913043,0.125
VASC,resnet50,efficientnet_v2_s,12,0,0,,
VASC,resnet50,efficientnet_b3,12,0,0,,
VASC,resnet50,mobilenet_v3_large,12,0,0,,
VASC,resnet50,deit_tiny,12,0,0,,
VASC,resnet50,swin_tiny,12,0,2,,1.0
VASC,efficientnet_v2_s,efficientnet_b3,12,0,0,,
VASC,efficientnet_v2_s,mobilenet_v3_large,12,0,0,,
VASC,efficientnet_v2_s,deit_tiny,12,0,0,,
VASC,efficientnet_v2_s,swin_tiny,12,0,2,,1.0
VASC,efficientnet_b3,mobilenet_v3_large,12,0,0,,
VASC,efficientnet_b3,deit_tiny,12,0,0,,
VASC,efficientnet_b3,swin_tiny,12,0,2,,1.0
VASC,mobilenet_v3_large,deit_tiny,12,0,0,,
VASC,mobilenet_v3_large,swin_tiny,12,0,2,,1.0
VASC,deit_tiny,swin_tiny,12,0,2,,1.0
