model_a,model_b,threshold,selected_samples,coverage,selection_accuracy
resnet50,efficientnet_v2_s,0.0,300,1.0,0.5333333333333333
resnet50,efficientnet_v2_s,0.02,266,0.8866666666666667,0.5413533834586466
resnet50,efficientnet_v2_s,0.05,234,0.78,0.5299145299145299
resnet50,efficientnet_v2_s,0.1,200,0.6666666666666666,0.55
resnet50,efficientnet_v2_s,0.15,170,0.5666666666666667,0.5764705882352941
resnet50,efficientnet_v2_s,0.2,137,0.45666666666666667,0.5912408759124088
resnet50,efficientnet_v2_s,0.25,102,0.34,0.5882352941176471
resnet50,efficientnet_v2_s,0.3,79,0.2633333333333333,0.5443037974683544
resnet50,efficientnet_b3,0.0,330,1.0,0.48787878787878786
resnet50,efficientnet_b3,0.02,304,0.9212121212121213,0.5
resnet50,efficientnet_b3,0.05,280,0.8484848484848485,0.5035714285714286
resnet50,efficientnet_b3,0.1,242,0.7333333333333333,0.5041322314049587
resnet50,efficientnet_b3,0.15,211,0.6393939393939394,0.5260663507109005
resnet50,efficientnet_b3,0.2,176,0.5333333333333333,0.5397727272727273
resnet50,efficientnet_b3,0.25,142,0.4303030303030303,0.5563380281690141
resnet50,efficientnet_b3,0.3,115,0.3484848484848485,0.591304347826087
resnet50,mobilenet_v3_large,0.0,319,1.0,0.47962382445141066
resnet50,mobilenet_v3_large,0.02,304,0.9529780564263323,0.48026315789473684
resnet50,mobilenet_v3_large,0.05,273,0.8557993730407524,0.4908424908424908
resnet50,mobilenet_v3_large,0.1,226,0.7084639498432602,0.5221238938053098
resnet50,mobilenet_v3_large,0.15,198,0.6206896551724138,0.5555555555555556
resnet50,mobilenet_v3_large,0.2,157,0.49216300940438873,0.554140127388535
resnet50,mobilenet_v3_large,0.25,122,0.3824451410658307,0.5983606557377049
resnet50,mobilenet_v3_large,0.3,90,0.28213166144200624,0.6222222222222222
resnet50,deit_tiny,0.0,338,1.0,0.4822485207100592
resnet50,deit_tiny,0.02,306,0.9053254437869822,0.4869281045751634
resnet50,deit_tiny,0.05,266,0.7869822485207101,0.5150375939849624
resnet50,deit_tiny,0.1,233,0.6893491124260355,0.5321888412017167
resnet50,deit_tiny,0.15,193,0.5710059171597633,0.533678756476684
resnet50,deit_tiny,0.2,154,0.4556213017751479,0.5324675324675324
resnet50,deit_tiny,0.25,124,0.3668639053254438,0.5645161290322581
resnet50,deit_tiny,0.3,101,0.2988165680473373,0.5841584158415841
resnet50,swin_tiny,0.0,313,1.0,0.5239616613418531
resnet50,swin_tiny,0.02,296,0.9456869009584664,0.5236486486486487
resnet50,swin_tiny,0.05,266,0.8498402555910544,0.5112781954887218
resnet50,swin_tiny,0.1,224,0.7156549520766773,0.5401785714285714
resnet50,swin_tiny,0.15,185,0.5910543130990416,0.518918918918919
resnet50,swin_tiny,0.2,151,0.48242811501597443,0.5298013245033113
resnet50,swin_tiny,0.25,131,0.4185303514376997,0.549618320610687
resnet50,swin_tiny,0.3,101,0.3226837060702875,0.594059405940594
efficientnet_v2_s,efficientnet_b3,0.0,319,1.0,0.5078369905956113
efficientnet_v2_s,efficientnet_b3,0.02,292,0.9153605015673981,0.5102739726027398
efficientnet_v2_s,efficientnet_b3,0.05,270,0.8463949843260188,0.5148148148148148
efficientnet_v2_s,efficientnet_b3,0.1,231,0.7241379310344828,0.5238095238095238
efficientnet_v2_s,efficientnet_b3,0.15,192,0.6018808777429467,0.5625
efficientnet_v2_s,efficientnet_b3,0.2,154,0.4827586206896552,0.5584415584415584
efficientnet_v2_s,efficientnet_b3,0.25,130,0.40752351097178685,0.5769230769230769
efficientnet_v2_s,efficientnet_b3,0.3,111,0.34796238244514105,0.5945945945945946
efficientnet_v2_s,mobilenet_v3_large,0.0,263,1.0,0.5019011406844106
efficientnet_v2_s,mobilenet_v3_large,0.02,250,0.9505703422053232,0.492
efficientnet_v2_s,mobilenet_v3_large,0.05,235,0.8935361216730038,0.5106382978723404
efficientnet_v2_s,mobilenet_v3_large,0.1,193,0.7338403041825095,0.5077720207253886
efficientnet_v2_s,mobilenet_v3_large,0.15,162,0.6159695817490495,0.5308641975308642
efficientnet_v2_s,mobilenet_v3_large,0.2,134,0.5095057034220533,0.5522388059701493
efficientnet_v2_s,mobilenet_v3_large,0.25,111,0.4220532319391635,0.5945945945945946
efficientnet_v2_s,mobilenet_v3_large,0.3,77,0.29277566539923955,0.5844155844155844
efficientnet_v2_s,deit_tiny,0.0,313,1.0,0.48242811501597443
efficientnet_v2_s,deit_tiny,0.02,277,0.8849840255591054,0.4981949458483754
efficientnet_v2_s,deit_tiny,0.05,233,0.744408945686901,0.49356223175965663
efficientnet_v2_s,deit_tiny,0.1,206,0.65814696485623,0.48058252427184467
efficientnet_v2_s,deit_tiny,0.15,173,0.5527156549520766,0.4682080924855491
efficientnet_v2_s,deit_tiny,0.2,141,0.4504792332268371,0.46099290780141844
efficientnet_v2_s,deit_tiny,0.25,114,0.36421725239616615,0.45614035087719296
efficientnet_v2_s,deit_tiny,0.3,95,0.3035143769968051,0.4631578947368421
efficientnet_v2_s,swin_tiny,0.0,277,1.0,0.4981949458483754
efficientnet_v2_s,swin_tiny,0.02,260,0.9386281588447654,0.5
efficientnet_v2_s,swin_tiny,0.05,237,0.855595667870036,0.5232067510548524
efficientnet_v2_s,swin_tiny,0.1,207,0.7472924187725631,0.5362318840579711
efficientnet_v2_s,swin_tiny,0.15,180,0.6498194945848376,0.5277777777777778
efficientnet_v2_s,swin_tiny,0.2,155,0.5595667870036101,0.5419354838709678
efficientnet_v2_s,swin_tiny,0.25,128,0.4620938628158845,0.5390625
efficientnet_v2_s,swin_tiny,0.3,109,0.3935018050541516,0.5412844036697247
efficientnet_b3,mobilenet_v3_large,0.0,332,1.0,0.46987951807228917
efficientnet_b3,mobilenet_v3_large,0.02,313,0.9427710843373494,0.4728434504792332
efficientnet_b3,mobilenet_v3_large,0.05,279,0.8403614457831325,0.48028673835125446
efficientnet_b3,mobilenet_v3_large,0.1,238,0.7168674698795181,0.49159663865546216
efficientnet_b3,mobilenet_v3_large,0.15,215,0.6475903614457831,0.49767441860465117
efficientnet_b3,mobilenet_v3_large,0.2,180,0.5421686746987951,0.5444444444444444
efficientnet_b3,mobilenet_v3_large,0.25,145,0.4367469879518072,0.5448275862068965
efficientnet_b3,mobilenet_v3_large,0.3,113,0.34036144578313254,0.5663716814159292
efficientnet_b3,deit_tiny,0.0,357,1.0,0.44537815126050423
efficientnet_b3,deit_tiny,0.02,323,0.9047619047619048,0.47058823529411764
efficientnet_b3,deit_tiny,0.05,281,0.7871148459383753,0.48398576512455516
efficientnet_b3,deit_tiny,0.1,239,0.6694677871148459,0.5146443514644351
efficientnet_b3,deit_tiny,0.15,198,0.5546218487394958,0.51010101010101
efficientnet_b3,deit_tiny,0.2,166,0.4649859943977591,0.5240963855421686
efficientnet_b3,deit_tiny,0.25,138,0.3865546218487395,0.5579710144927537
efficientnet_b3,deit_tiny,0.3,108,0.3025210084033613,0.6111111111111112
efficientnet_b3,swin_tiny,0.0,329,1.0,0.46504559270516715
efficientnet_b3,swin_tiny,0.02,302,0.9179331306990881,0.47019867549668876
efficientnet_b3,swin_tiny,0.05,278,0.8449848024316109,0.4748201438848921
efficientnet_b3,swin_tiny,0.1,221,0.6717325227963525,0.4796380090497738
efficientnet_b3,swin_tiny,0.15,175,0.5319148936170213,0.4685714285714286
efficientnet_b3,swin_tiny,0.2,151,0.45896656534954405,0.46357615894039733
efficientnet_b3,swin_tiny,0.25,129,0.39209726443769,0.49612403100775193
efficientnet_b3,swin_tiny,0.3,97,0.2948328267477204,0.5154639175257731
mobilenet_v3_large,deit_tiny,0.0,314,1.0,0.4299363057324841
mobilenet_v3_large,deit_tiny,0.02,289,0.9203821656050956,0.4429065743944637
mobilenet_v3_large,deit_tiny,0.05,260,0.8280254777070064,0.4461538461538462
mobilenet_v3_large,deit_tiny,0.1,223,0.7101910828025477,0.47085201793721976
mobilenet_v3_large,deit_tiny,0.15,191,0.60828025477707,0.4816753926701571
mobilenet_v3_large,deit_tiny,0.2,162,0.5159235668789809,0.5
mobilenet_v3_large,deit_tiny,0.25,131,0.4171974522292994,0.5267175572519084
mobilenet_v3_large,deit_tiny,0.3,98,0.31210191082802546,0.5510204081632653
mobilenet_v3_large,swin_tiny,0.0,293,1.0,0.49146757679180886
mobilenet_v3_large,swin_tiny,0.02,273,0.931740614334471,0.4981684981684982
mobilenet_v3_large,swin_tiny,0.05,244,0.8327645051194539,0.5245901639344263
mobilenet_v3_large,swin_tiny,0.1,212,0.7235494880546075,0.5330188679245284
mobilenet_v3_large,swin_tiny,0.15,178,0.6075085324232082,0.550561797752809
mobilenet_v3_large,swin_tiny,0.2,155,0.5290102389078498,0.5419354838709678
mobilenet_v3_large,swin_tiny,0.25,125,0.42662116040955633,0.544
mobilenet_v3_large,swin_tiny,0.3,90,0.30716723549488056,0.5111111111111111
deit_tiny,swin_tiny,0.0,311,1.0,0.4694533762057878
deit_tiny,swin_tiny,0.02,291,0.9356913183279743,0.47766323024054985
deit_tiny,swin_tiny,0.05,264,0.8488745980707395,0.4734848484848485
deit_tiny,swin_tiny,0.1,217,0.6977491961414791,0.47465437788018433
deit_tiny,swin_tiny,0.15,180,0.5787781350482315,0.48333333333333334
deit_tiny,swin_tiny,0.2,144,0.4630225080385852,0.4930555555555556
deit_tiny,swin_tiny,0.25,118,0.37942122186495175,0.5
deit_tiny,swin_tiny,0.3,94,0.3022508038585209,0.5106382978723404
