model_a,model_b,disagreements,a_confidence_wins,b_confidence_wins,confidence_ties,winner_correct_rate,a_confidence_winner_correct_rate,b_confidence_winner_correct_rate
resnet50,efficientnet_v2_s,300,116,184,0,0.5333333333333333,0.5603448275862069,0.5163043478260869
resnet50,efficientnet_b3,330,184,146,0,0.48787878787878786,0.532608695652174,0.4315068493150685
resnet50,mobilenet_v3_large,319,188,131,0,0.47962382445141066,0.4627659574468085,0.5038167938931297
resnet50,deit_tiny,338,142,196,0,0.4822485207100592,0.528169014084507,0.4489795918367347
resnet50,swin_tiny,313,186,127,0,0.5239616613418531,0.510752688172043,0.5433070866141733
efficientnet_v2_s,efficientnet_b3,319,214,105,0,0.5078369905956113,0.5280373831775701,0.4666666666666667
efficientnet_v2_s,mobilenet_v3_large,263,185,78,0,0.5019011406844106,0.4810810810810811,0.5512820512820513
efficientnet_v2_s,deit_tiny,313,174,139,0,0.48242811501597443,0.5229885057471264,0.4316546762589928
efficientnet_v2_s,swin_tiny,277,197,80,0,0.4981949458483754,0.48223350253807107,0.5375
efficientnet_b3,mobilenet_v3_large,332,175,157,0,0.46987951807228917,0.42857142857142855,0.5159235668789809
efficientnet_b3,deit_tiny,357,139,218,0,0.44537815126050423,0.4460431654676259,0.44495412844036697
efficientnet_b3,swin_tiny,329,174,155,0,0.46504559270516715,0.41379310344827586,0.5225806451612903
mobilenet_v3_large,deit_tiny,314,108,206,0,0.4299363057324841,0.5185185185185185,0.38349514563106796
mobilenet_v3_large,swin_tiny,293,141,152,0,0.49146757679180886,0.5106382978723404,0.47368421052631576
deit_tiny,swin_tiny,311,204,107,0,0.4694533762057878,0.43137254901960786,0.5420560747663551
