model_a,model_b,disagreements,model_a_accuracy,model_b_accuracy,best_static_accuracy,confidence_selection_accuracy,selection_gain_over_best_static
resnet50,efficientnet_v2_s,300,0.39666666666666667,0.42,0.42,0.5333333333333333,0.11333333333333334
resnet50,efficientnet_b3,330,0.44545454545454544,0.3333333333333333,0.44545454545454544,0.48787878787878786,0.04242424242424242
resnet50,mobilenet_v3_large,319,0.40752351097178685,0.3981191222570533,0.40752351097178685,0.47962382445141066,0.07210031347962381
resnet50,deit_tiny,338,0.4408284023668639,0.3757396449704142,0.4408284023668639,0.4822485207100592,0.04142011834319531
resnet50,swin_tiny,313,0.4281150159744409,0.3929712460063898,0.4281150159744409,0.5239616613418531,0.09584664536741216
efficientnet_v2_s,efficientnet_b3,319,0.445141065830721,0.3072100313479624,0.445141065830721,0.5078369905956113,0.06269592476489028
efficientnet_v2_s,mobilenet_v3_large,263,0.40304182509505704,0.3650190114068441,0.40304182509505704,0.5019011406844106,0.09885931558935357
efficientnet_v2_s,deit_tiny,313,0.4281150159744409,0.3354632587859425,0.4281150159744409,0.48242811501597443,0.05431309904153353
efficientnet_v2_s,swin_tiny,277,0.40794223826714804,0.34296028880866425,0.40794223826714804,0.4981949458483754,0.09025270758122739
efficientnet_b3,mobilenet_v3_large,332,0.32228915662650603,0.4246987951807229,0.4246987951807229,0.46987951807228917,0.04518072289156627
efficientnet_b3,deit_tiny,357,0.35294117647058826,0.3949579831932773,0.3949579831932773,0.44537815126050423,0.050420168067226934
efficientnet_b3,swin_tiny,329,0.3252279635258359,0.40425531914893614,0.40425531914893614,0.46504559270516715,0.06079027355623101
mobilenet_v3_large,deit_tiny,314,0.40764331210191085,0.3471337579617834,0.40764331210191085,0.4299363057324841,0.022292993630573243
mobilenet_v3_large,swin_tiny,293,0.3993174061433447,0.3720136518771331,0.3993174061433447,0.49146757679180886,0.09215017064846415
deit_tiny,swin_tiny,311,0.3729903536977492,0.40836012861736337,0.40836012861736337,0.4694533762057878,0.06109324758842444
