model_a,type_a,model_b,type_b,samples,both_correct,both_wrong,a_correct_b_wrong,a_wrong_b_correct,b_correct_given_a_wrong,a_correct_given_b_wrong,error_overlap_rate,either_correct,pair_oracle_accuracy
resnet50,CNN,efficientnet_v2_s,CNN,1267,817,205,119,126,0.3806646525679758,0.36728395061728397,0.6327160493827161,1062,0.8382004735595896
resnet50,CNN,efficientnet_b3,CNN,1267,789,221,147,110,0.3323262839879154,0.39945652173913043,0.6676737160120846,1046,0.8255722178374112
resnet50,CNN,mobilenet_v3_large,CNN,1267,806,204,130,127,0.38368580060422963,0.38922155688622756,0.6163141993957704,1063,0.8389897395422258
resnet50,CNN,deit_tiny,ViT,1267,787,204,149,127,0.38368580060422963,0.42209631728045327,0.6163141993957704,1063,0.8389897395422258
resnet50,CNN,swin_tiny,ViT,1267,802,208,134,123,0.3716012084592145,0.391812865497076,0.6283987915407855,1059,0.8358326756116812
efficientnet_v2_s,CNN,efficientnet_b3,CNN,1267,801,226,142,98,0.30246913580246915,0.3858695652173913,0.6975308641975309,1041,0.8216258879242304
efficientnet_v2_s,CNN,mobilenet_v3_large,CNN,1267,837,228,106,96,0.2962962962962963,0.31736526946107785,0.7037037037037037,1039,0.8200473559589582
efficientnet_v2_s,CNN,deit_tiny,ViT,1267,809,219,134,105,0.32407407407407407,0.37960339943342775,0.6759259259259259,1048,0.8271507498026835
efficientnet_v2_s,CNN,swin_tiny,ViT,1267,830,229,113,95,0.2932098765432099,0.3304093567251462,0.7067901234567902,1038,0.819258089976322
efficientnet_b3,CNN,mobilenet_v3_large,CNN,1267,792,227,107,141,0.38315217391304346,0.3203592814371258,0.6796407185628742,1040,0.8208366219415943
efficientnet_b3,CNN,deit_tiny,ViT,1267,773,227,126,141,0.38315217391304346,0.35694050991501414,0.6430594900849859,1040,0.8208366219415943
efficientnet_b3,CNN,swin_tiny,ViT,1267,792,235,107,133,0.36141304347826086,0.3128654970760234,0.6871345029239766,1032,0.8145224940805051
mobilenet_v3_large,CNN,deit_tiny,ViT,1267,805,225,128,109,0.3263473053892216,0.3626062322946176,0.6736526946107785,1042,0.8224151539068666
mobilenet_v3_large,CNN,swin_tiny,ViT,1267,816,225,117,109,0.3263473053892216,0.34210526315789475,0.6736526946107785,1042,0.8224151539068666
deit_tiny,ViT,swin_tiny,ViT,1267,798,226,116,127,0.3597733711048159,0.3391812865497076,0.6608187134502924,1041,0.8216258879242304
