model_a,type_a,model_b,type_b,disagreement_samples,a_only_correct,b_only_correct,both_correct,both_wrong,a_accuracy_on_disagreement,b_accuracy_on_disagreement,oracle_accuracy_on_disagreement
resnet50,CNN,efficientnet_v2_s,CNN,300,119,126,0,55,0.39666666666666667,0.42,0.8166666666666667
resnet50,CNN,efficientnet_b3,CNN,330,147,110,0,73,0.44545454545454544,0.3333333333333333,0.7787878787878788
resnet50,CNN,mobilenet_v3_large,CNN,319,130,127,0,62,0.40752351097178685,0.3981191222570533,0.8056426332288401
resnet50,CNN,deit_tiny,ViT,338,149,127,0,62,0.4408284023668639,0.3757396449704142,0.8165680473372781
resnet50,CNN,swin_tiny,ViT,313,134,123,0,56,0.4281150159744409,0.3929712460063898,0.8210862619808307
efficientnet_v2_s,CNN,efficientnet_b3,CNN,319,142,98,0,79,0.445141065830721,0.3072100313479624,0.7523510971786834
efficientnet_v2_s,CNN,mobilenet_v3_large,CNN,263,106,96,0,61,0.40304182509505704,0.3650190114068441,0.7680608365019012
efficientnet_v2_s,CNN,deit_tiny,ViT,313,134,105,0,74,0.4281150159744409,0.3354632587859425,0.7635782747603834
efficientnet_v2_s,CNN,swin_tiny,ViT,277,113,95,0,69,0.40794223826714804,0.34296028880866425,0.7509025270758123
efficientnet_b3,CNN,mobilenet_v3_large,CNN,332,107,141,0,84,0.32228915662650603,0.4246987951807229,0.7469879518072289
efficientnet_b3,CNN,deit_tiny,ViT,357,126,141,0,90,0.35294117647058826,0.3949579831932773,0.7478991596638656
efficientnet_b3,CNN,swin_tiny,ViT,329,107,133,0,89,0.3252279635258359,0.40425531914893614,0.729483282674772
mobilenet_v3_large,CNN,deit_tiny,ViT,314,128,109,0,77,0.40764331210191085,0.3471337579617834,0.7547770700636943
mobilenet_v3_large,CNN,swin_tiny,ViT,293,117,109,0,67,0.3993174061433447,0.3720136518771331,0.7713310580204779
deit_tiny,ViT,swin_tiny,ViT,311,116,127,0,68,0.3729903536977492,0.40836012861736337,0.7813504823151125
