failed_model,rescuing_model,rescue_cases,rescuing_mean_confidence,failed_model_mean_confidence
resnet50,efficientnet_v2_s,126,0.8915140394653592,0.7577972894623166
efficientnet_v2_s,resnet50,119,0.805426961984955,0.7916697984983941
resnet50,efficientnet_b3,110,0.7968731674281033,0.7539016076109626
efficientnet_b3,resnet50,147,0.8185199462637609,0.7130990823109945
resnet50,mobilenet_v3_large,127,0.7806108422636047,0.7568334718858163
mobilenet_v3_large,resnet50,130,0.8167252918848624,0.694700798850793
resnet50,deit_tiny,127,0.8644727327692228,0.7461557651129295
deit_tiny,resnet50,149,0.831793872101995,0.8000199878775833
resnet50,swin_tiny,123,0.7799246194885998,0.7622362951922222
swin_tiny,resnet50,134,0.8346715284817254,0.7035838267696437
efficientnet_v2_s,efficientnet_b3,98,0.7763247900471395,0.7989752353454123
efficientnet_b3,efficientnet_v2_s,142,0.8818995287300835,0.7003201722679003
efficientnet_v2_s,mobilenet_v3_large,96,0.7520693608870109,0.7954594114174446
mobilenet_v3_large,efficientnet_v2_s,106,0.8962042716876516,0.6903475863191316
efficientnet_v2_s,deit_tiny,105,0.8354678460529872,0.8159771689346859
deit_tiny,efficientnet_v2_s,134,0.9156711085963605,0.8249793203909006
efficientnet_v2_s,swin_tiny,95,0.759734224645715,0.7748270580643102
swin_tiny,efficientnet_v2_s,113,0.8977900361065316,0.6997043073704813
efficientnet_b3,mobilenet_v3_large,141,0.7700223519024274,0.7100307556754308
mobilenet_v3_large,efficientnet_b3,107,0.7938475533623561,0.6674762298570616
efficientnet_b3,deit_tiny,141,0.8740856207854358,0.719360645569808
deit_tiny,efficientnet_b3,126,0.8063814843457843,0.8093004198301406
efficientnet_b3,swin_tiny,133,0.7760893075089705,0.72269036088671
swin_tiny,efficientnet_b3,107,0.7859903412444569,0.7022788803154063
mobilenet_v3_large,deit_tiny,109,0.8623544076167116,0.6858409224847041
deit_tiny,mobilenet_v3_large,128,0.8120293172542006,0.8207074280362576
mobilenet_v3_large,swin_tiny,109,0.7636461730943908,0.6775988578249555
swin_tiny,mobilenet_v3_large,117,0.7845032599746672,0.6886956409001962
deit_tiny,swin_tiny,127,0.7623318673118832,0.7928939297443299
swin_tiny,deit_tiny,116,0.8497253774568952,0.6813468113541603
