image_id,true_index,true_class,model_a,model_a_pred,model_a_pred_class,model_a_correct,model_b,model_b_pred,model_b_pred_class,model_b_correct,category
ISIC_0000036_downsampled,4,MEL,DeiT-Tiny,4,MEL,True,Swin-Tiny,4,MEL,True,both_correct
ISIC_0000043_downsampled,4,MEL,DeiT-Tiny,4,MEL,True,Swin-Tiny,5,NV,False,model_a_only
ISIC_0000071,5,NV,DeiT-Tiny,5,NV,True,Swin-Tiny,5,NV,True,both_correct
ISIC_0000086_downsampled,5,NV,DeiT-Tiny,5,NV,True,Swin-Tiny,5,NV,True,both_correct
ISIC_0000101_downsampled,5,NV,DeiT-Tiny,5,NV,True,Swin-Tiny,5,NV,True,both_correct
ISIC_0000102_downsampled,5,NV,DeiT-Tiny,5,NV,True,Swin-Tiny,5,NV,True,both_correct
ISIC_0000104_downsampled,5,NV,DeiT-Tiny,5,NV,True,Swin-Tiny,5,NV,True,both_correct
ISIC_0000112_downsampled,5,NV,DeiT-Tiny,5,NV,True,Swin-Tiny,5,NV,True,both_correct
ISIC_0000118_downsampled,5,NV,DeiT-Tiny,4,MEL,False,Swin-Tiny,5,NV,True,model_b_only
ISIC_0000146_downsampled,4,MEL,DeiT-Tiny,4,MEL,True,Swin-Tiny,4,MEL,True,both_correct
ISIC_0000184_downsampled,5,NV,DeiT-Tiny,5,NV,True,Swin-Tiny,5,NV,True,both_correct
ISIC_0000225,5,NV,DeiT-Tiny,5,NV,True,Swin-Tiny,5,NV,True,both_correct
ISIC_0000265,5,NV,DeiT-Tiny,5,NV,True,Swin-Tiny,5,NV,True,both_correct
ISIC_0000268,5,NV,DeiT-Tiny,5,NV,True,Swin-Tiny,5,NV,True,both_correct
ISIC_0000275,5,NV,DeiT-Tiny,4,MEL,False,Swin-Tiny,5,NV,True,model_b_only
ISIC_0000285,4,MEL,DeiT-Tiny,4,MEL,True,Swin-Tiny,5,NV,False,model_a_only
ISIC_0000293,4,MEL,DeiT-Tiny,4,MEL,True,Swin-Tiny,4,MEL,True,both_correct
ISIC_0000336,5,NV,DeiT-Tiny,4,MEL,False,Swin-Tiny,5,NV,True,model_b_only
ISIC_0000351,5,NV,DeiT-Tiny,5,NV,True,Swin-Tiny,5,NV,True,both_correct
ISIC_0000407_downsampled,5,NV,DeiT-Tiny,5,NV,True,Swin-Tiny,5,NV,True,both_correct
ISIC_0000418_downsampled,5,NV,DeiT-Tiny,5,NV,True,Swin-Tiny,5,NV,True,both_correct
ISIC_0000433_downsampled,5,NV,DeiT-Tiny,5,NV,True,Swin-Tiny,5,NV,True,both_correct
ISIC_0000442_downsampled,5,NV,DeiT-Tiny,5,NV,True,Swin-Tiny,5,NV,True,both_correct
ISIC_0000498,5,NV,DeiT-Tiny,5,NV,True,Swin-Tiny,5,NV,True,both_correct
ISIC_0000506,5,NV,DeiT-Tiny,5,NV,True,Swin-Tiny,5,NV,True,both_correct
ISIC_0000510,5,NV,DeiT-Tiny,5,NV,True,Swin-Tiny,5,NV,True,both_correct
ISIC_0000523,5,NV,DeiT-Tiny,1,BCC,False,Swin-Tiny,6,SCC,False,both_wrong
ISIC_0001184_downsampled,5,NV,DeiT-Tiny,5,NV,True,Swin-Tiny,5,NV,True,both_correct
ISIC_0001960_downsampled,5,NV,DeiT-Tiny,5,NV,True,Swin-Tiny,5,NV,True,both_correct
ISIC_0002287_downsampled,5,NV,DeiT-Tiny,5,NV,True,Swin-Tiny,5,NV,True,both_correct
ISIC_0002871_downsampled,5,NV,DeiT-Tiny,5,NV,True,Swin-Tiny,5,NV,True,both_correct
ISIC_0003728_downsampled,5,NV,DeiT-Tiny,5,NV,True,Swin-Tiny,2,BKL,False,model_a_only
ISIC_0006326_downsampled,5,NV,DeiT-Tiny,5,NV,True,Swin-Tiny,5,NV,True,both_correct
ISIC_0007528_downsampled,5,NV,DeiT-Tiny,5,NV,True,Swin-Tiny,5,NV,True,both_correct
ISIC_0008294_downsampled,5,NV,DeiT-Tiny,5,NV,True,Swin-Tiny,5,NV,True,both_correct
ISIC_0009297_downsampled,5,NV,DeiT-Tiny,5,NV,True,Swin-Tiny,5,NV,True,both_correct
ISIC_0009943,5,NV,DeiT-Tiny,5,NV,True,Swin-Tiny,5,NV,True,both_correct
ISIC_0010038,5,NV,DeiT-Tiny,5,NV,True,Swin-Tiny,5,NV,True,both_correct
ISIC_0010319,4,MEL,DeiT-Tiny,4,MEL,True,Swin-Tiny,5,NV,False,model_a_only
ISIC_0010342,5,NV,DeiT-Tiny,5,NV,True,Swin-Tiny,5,NV,True,both_correct
ISIC_0010351,5,NV,DeiT-Tiny,4,MEL,False,Swin-Tiny,5,NV,True,model_b_only
ISIC_0010364,4,MEL,DeiT-Tiny,5,NV,False,Swin-Tiny,5,NV,False,both_wrong
ISIC_0010370,5,NV,DeiT-Tiny,5,NV,True,Swin-Tiny,5,NV,True,both_correct
ISIC_0010456,5,NV,DeiT-Tiny,5,NV,True,Swin-Tiny,5,NV,True,both_correct
ISIC_0010459,5,NV,DeiT-Tiny,5,NV,True,Swin-Tiny,5,NV,True,both_correct
ISIC_0010466,4,MEL,DeiT-Tiny,5,NV,False,Swin-Tiny,5,NV,False,both_wrong
ISIC_0010565,5,NV,DeiT-Tiny,5,NV,True,Swin-Tiny,5,NV,True,both_correct
ISIC_0010575,5,NV,DeiT-Tiny,5,NV,True,Swin-Tiny,5,NV,True,both_correct
ISIC_0010587,4,MEL,DeiT-Tiny,5,NV,False,Swin-Tiny,5,NV,False,both_wrong
ISIC_0010863,4,MEL,DeiT-Tiny,4,MEL,True,Swin-Tiny,5,NV,False,model_a_only
ISIC_0011107,5,NV,DeiT-Tiny,5,NV,True,Swin-Tiny,5,NV,True,both_correct
ISIC_0011139,4,MEL,DeiT-Tiny,5,NV,False,Swin-Tiny,5,NV,False,both_wrong
ISIC_0011143,5,NV,DeiT-Tiny,5,NV,True,Swin-Tiny,5,NV,True,both_correct
ISIC_0011159,5,NV,DeiT-Tiny,5,NV,True,Swin-Tiny,4,MEL,False,model_a_only
ISIC_0011161,4,MEL,DeiT-Tiny,4,MEL,True,Swin-Tiny,4,MEL,True,both_correct
ISIC_0011229,5,NV,DeiT-Tiny,5,NV,True,Swin-Tiny,5,NV,True,both_correct
ISIC_0011305,4,MEL,DeiT-Tiny,0,AK,False,Swin-Tiny,5,NV,False,both_wrong
ISIC_0011339,5,NV,DeiT-Tiny,5,NV,True,Swin-Tiny,5,NV,True,both_correct
ISIC_0011361,5,NV,DeiT-Tiny,5,NV,True,Swin-Tiny,5,NV,True,both_correct
ISIC_0012118_downsampled,5,NV,DeiT-Tiny,5,NV,True,Swin-Tiny,5,NV,True,both_correct
ISIC_0012179_downsampled,5,NV,DeiT-Tiny,4,MEL,False,Swin-Tiny,5,NV,True,model_b_only
ISIC_0012203_downsampled,5,NV,DeiT-Tiny,5,NV,True,Swin-Tiny,5,NV,True,both_correct
ISIC_0012313_downsampled,5,NV,DeiT-Tiny,5,NV,True,Swin-Tiny,5,NV,True,both_correct
ISIC_0012384_downsampled,5,NV,DeiT-Tiny,2,BKL,False,Swin-Tiny,2,BKL,False,both_wrong
ISIC_0012406_downsampled,5,NV,DeiT-Tiny,5,NV,True,Swin-Tiny,5,NV,True,both_correct
ISIC_0012455_downsampled,2,BKL,DeiT-Tiny,5,NV,False,Swin-Tiny,2,BKL,True,model_b_only
ISIC_0012494_downsampled,5,NV,DeiT-Tiny,5,NV,True,Swin-Tiny,2,BKL,False,model_a_only
ISIC_0012543_downsampled,2,BKL,DeiT-Tiny,2,BKL,True,Swin-Tiny,2,BKL,True,both_correct
ISIC_0012657_downsampled,5,NV,DeiT-Tiny,5,NV,True,Swin-Tiny,5,NV,True,both_correct
ISIC_0012666_downsampled,2,BKL,DeiT-Tiny,5,NV,False,Swin-Tiny,2,BKL,True,model_b_only
ISIC_0012684_downsampled,5,NV,DeiT-Tiny,5,NV,True,Swin-Tiny,5,NV,True,both_correct
ISIC_0012715_downsampled,4,MEL,DeiT-Tiny,4,MEL,True,Swin-Tiny,4,MEL,True,both_correct
ISIC_0012735_downsampled,5,NV,DeiT-Tiny,5,NV,True,Swin-Tiny,5,NV,True,both_correct
ISIC_0012876_downsampled,5,NV,DeiT-Tiny,5,NV,True,Swin-Tiny,5,NV,True,both_correct
ISIC_0012879_downsampled,5,NV,DeiT-Tiny,5,NV,True,Swin-Tiny,5,NV,True,both_correct
ISIC_0012902_downsampled,2,BKL,DeiT-Tiny,2,BKL,True,Swin-Tiny,2,BKL,True,both_correct
ISIC_0012903_downsampled,5,NV,DeiT-Tiny,5,NV,True,Swin-Tiny,5,NV,True,both_correct
ISIC_0012932_downsampled,2,BKL,DeiT-Tiny,2,BKL,True,Swin-Tiny,2,BKL,True,both_correct
ISIC_0012956_downsampled,5,NV,DeiT-Tiny,5,NV,True,Swin-Tiny,5,NV,True,both_correct
ISIC_0012976_downsampled,5,NV,DeiT-Tiny,5,NV,True,Swin-Tiny,5,NV,True,both_correct
ISIC_0012987_downsampled,5,NV,DeiT-Tiny,5,NV,True,Swin-Tiny,5,NV,True,both_correct
ISIC_0013000_downsampled,5,NV,DeiT-Tiny,5,NV,True,Swin-Tiny,5,NV,True,both_correct
ISIC_0013027_downsampled,5,NV,DeiT-Tiny,5,NV,True,Swin-Tiny,5,NV,True,both_correct
ISIC_0013106_downsampled,5,NV,DeiT-Tiny,5,NV,True,Swin-Tiny,5,NV,True,both_correct
ISIC_0013132_downsampled,5,NV,DeiT-Tiny,5,NV,True,Swin-Tiny,5,NV,True,both_correct
ISIC_0013160_downsampled,2,BKL,DeiT-Tiny,2,BKL,True,Swin-Tiny,2,BKL,True,both_correct
ISIC_0013177_downsampled,2,BKL,DeiT-Tiny,2,BKL,True,Swin-Tiny,2,BKL,True,both_correct
ISIC_0013227_downsampled,5,NV,DeiT-Tiny,2,BKL,False,Swin-Tiny,2,BKL,False,both_wrong
ISIC_0013302_downsampled,5,NV,DeiT-Tiny,5,NV,True,Swin-Tiny,5,NV,True,both_correct
ISIC_0013316_downsampled,2,BKL,DeiT-Tiny,2,BKL,True,Swin-Tiny,2,BKL,True,both_correct
ISIC_0013334_downsampled,4,MEL,DeiT-Tiny,4,MEL,True,Swin-Tiny,4,MEL,True,both_correct
ISIC_0013335_downsampled,2,BKL,DeiT-Tiny,5,NV,False,Swin-Tiny,2,BKL,True,model_b_only
ISIC_0013393_downsampled,2,BKL,DeiT-Tiny,2,BKL,True,Swin-Tiny,2,BKL,True,both_correct
ISIC_0013394_downsampled,5,NV,DeiT-Tiny,5,NV,True,Swin-Tiny,5,NV,True,both_correct
ISIC_0013424_downsampled,5,NV,DeiT-Tiny,2,BKL,False,Swin-Tiny,5,NV,True,model_b_only
ISIC_0013530_downsampled,4,MEL,DeiT-Tiny,4,MEL,True,Swin-Tiny,4,MEL,True,both_correct
ISIC_0013615_downsampled,4,MEL,DeiT-Tiny,4,MEL,True,Swin-Tiny,4,MEL,True,both_correct
ISIC_0013767_downsampled,4,MEL,DeiT-Tiny,5,NV,False,Swin-Tiny,4,MEL,True,model_b_only
ISIC_0013772_downsampled,5,NV,DeiT-Tiny,5,NV,True,Swin-Tiny,5,NV,True,both_correct
ISIC_0013836_downsampled,5,NV,DeiT-Tiny,5,NV,True,Swin-Tiny,5,NV,True,both_correct
ISIC_0013984_downsampled,4,MEL,DeiT-Tiny,4,MEL,True,Swin-Tiny,5,NV,False,model_a_only
ISIC_0014032_downsampled,2,BKL,DeiT-Tiny,2,BKL,True,Swin-Tiny,2,BKL,True,both_correct
ISIC_0014129_downsampled,4,MEL,DeiT-Tiny,5,NV,False,Swin-Tiny,4,MEL,True,model_b_only
ISIC_0014149_downsampled,5,NV,DeiT-Tiny,5,NV,True,Swin-Tiny,5,NV,True,both_correct
ISIC_0014158_downsampled,5,NV,DeiT-Tiny,5,NV,True,Swin-Tiny,2,BKL,False,model_a_only
ISIC_0014212_downsampled,2,BKL,DeiT-Tiny,2,BKL,True,Swin-Tiny,2,BKL,True,both_correct
ISIC_0014253_downsampled,5,NV,DeiT-Tiny,5,NV,True,Swin-Tiny,2,BKL,False,model_a_only
ISIC_0014316_downsampled,4,MEL,DeiT-Tiny,5,NV,False,Swin-Tiny,5,NV,False,both_wrong
ISIC_0014328_downsampled,5,NV,DeiT-Tiny,5,NV,True,Swin-Tiny,2,BKL,False,model_a_only
ISIC_0014410_downsampled,2,BKL,DeiT-Tiny,2,BKL,True,Swin-Tiny,2,BKL,True,both_correct
ISIC_0014441_downsampled,5,NV,DeiT-Tiny,5,NV,True,Swin-Tiny,5,NV,True,both_correct
ISIC_0014506_downsampled,4,MEL,DeiT-Tiny,4,MEL,True,Swin-Tiny,4,MEL,True,both_correct
ISIC_0014537_downsampled,2,BKL,DeiT-Tiny,2,BKL,True,Swin-Tiny,2,BKL,True,both_correct
ISIC_0014548_downsampled,4,MEL,DeiT-Tiny,4,MEL,True,Swin-Tiny,4,MEL,True,both_correct
ISIC_0014641_downsampled,2,BKL,DeiT-Tiny,2,BKL,True,Swin-Tiny,2,BKL,True,both_correct
ISIC_0014652_downsampled,2,BKL,DeiT-Tiny,2,BKL,True,Swin-Tiny,2,BKL,True,both_correct
ISIC_0014653_downsampled,2,BKL,DeiT-Tiny,2,BKL,True,Swin-Tiny,2,BKL,True,both_correct
ISIC_0014657_downsampled,5,NV,DeiT-Tiny,5,NV,True,Swin-Tiny,5,NV,True,both_correct
ISIC_0014715_downsampled,5,NV,DeiT-Tiny,5,NV,True,Swin-Tiny,5,NV,True,both_correct
ISIC_0014724_downsampled,5,NV,DeiT-Tiny,5,NV,True,Swin-Tiny,5,NV,True,both_correct
ISIC_0014743_downsampled,5,NV,DeiT-Tiny,5,NV,True,Swin-Tiny,5,NV,True,both_correct
ISIC_0014773_downsampled,5,NV,DeiT-Tiny,5,NV,True,Swin-Tiny,5,NV,True,both_correct
ISIC_0014806_downsampled,2,BKL,DeiT-Tiny,5,NV,False,Swin-Tiny,5,NV,False,both_wrong
ISIC_0014908_downsampled,5,NV,DeiT-Tiny,5,NV,True,Swin-Tiny,5,NV,True,both_correct
ISIC_0014910_downsampled,5,NV,DeiT-Tiny,5,NV,True,Swin-Tiny,5,NV,True,both_correct
ISIC_0014920_downsampled,4,MEL,DeiT-Tiny,5,NV,False,Swin-Tiny,5,NV,False,both_wrong
ISIC_0014927_downsampled,5,NV,DeiT-Tiny,5,NV,True,Swin-Tiny,5,NV,True,both_correct
ISIC_0014938_downsampled,5,NV,DeiT-Tiny,4,MEL,False,Swin-Tiny,5,NV,True,model_b_only
ISIC_0014940_downsampled,5,NV,DeiT-Tiny,5,NV,True,Swin-Tiny,5,NV,True,both_correct
ISIC_0014949_downsampled,5,NV,DeiT-Tiny,5,NV,True,Swin-Tiny,5,NV,True,both_correct
ISIC_0014998_downsampled,5,NV,DeiT-Tiny,5,NV,True,Swin-Tiny,5,NV,True,both_correct
ISIC_0015019_downsampled,5,NV,DeiT-Tiny,5,NV,True,Swin-Tiny,5,NV,True,both_correct
ISIC_0015113_downsampled,2,BKL,DeiT-Tiny,5,NV,False,Swin-Tiny,2,BKL,True,model_b_only
ISIC_0015118_downsampled,5,NV,DeiT-Tiny,5,NV,True,Swin-Tiny,5,NV,True,both_correct
ISIC_0015125_downsampled,5,NV,DeiT-Tiny,5,NV,True,Swin-Tiny,5,NV,True,both_correct
ISIC_0015130_downsampled,5,NV,DeiT-Tiny,5,NV,True,Swin-Tiny,5,NV,True,both_correct
ISIC_0015264_downsampled,5,NV,DeiT-Tiny,5,NV,True,Swin-Tiny,5,NV,True,both_correct
ISIC_0015330_downsampled,5,NV,DeiT-Tiny,5,NV,True,Swin-Tiny,5,NV,True,both_correct
ISIC_0015357_downsampled,5,NV,DeiT-Tiny,5,NV,True,Swin-Tiny,5,NV,True,both_correct
ISIC_0015404_downsampled,5,NV,DeiT-Tiny,5,NV,True,Swin-Tiny,5,NV,True,both_correct
ISIC_0015938_downsampled,5,NV,DeiT-Tiny,5,NV,True,Swin-Tiny,5,NV,True,both_correct
ISIC_0015952_downsampled,5,NV,DeiT-Tiny,5,NV,True,Swin-Tiny,5,NV,True,both_correct
ISIC_0015966_downsampled,5,NV,DeiT-Tiny,5,NV,True,Swin-Tiny,5,NV,True,both_correct
ISIC_0015967_downsampled,5,NV,DeiT-Tiny,5,NV,True,Swin-Tiny,2,BKL,False,model_a_only
ISIC_0016043_downsampled,5,NV,DeiT-Tiny,7,VASC,False,Swin-Tiny,5,NV,True,model_b_only
ISIC_0016045_downsampled,5,NV,DeiT-Tiny,5,NV,True,Swin-Tiny,5,NV,True,both_correct
ISIC_0016052_downsampled,5,NV,DeiT-Tiny,5,NV,True,Swin-Tiny,5,NV,True,both_correct
ISIC_0024341,5,NV,DeiT-Tiny,5,NV,True,Swin-Tiny,5,NV,True,both_correct
ISIC_0024373,5,NV,DeiT-Tiny,5,NV,True,Swin-Tiny,5,NV,True,both_correct
ISIC_0024376,5,NV,DeiT-Tiny,5,NV,True,Swin-Tiny,5,NV,True,both_correct
ISIC_0024384,5,NV,DeiT-Tiny,5,NV,True,Swin-Tiny,5,NV,True,both_correct
ISIC_0024400,4,MEL,DeiT-Tiny,2,BKL,False,Swin-Tiny,2,BKL,False,both_wrong
ISIC_0024403,1,BCC,DeiT-Tiny,1,BCC,True,Swin-Tiny,6,SCC,False,model_a_only
ISIC_0024422,2,BKL,DeiT-Tiny,5,NV,False,Swin-Tiny,5,NV,False,both_wrong
ISIC_0024444,5,NV,DeiT-Tiny,5,NV,True,Swin-Tiny,5,NV,True,both_correct
ISIC_0024453,2,BKL,DeiT-Tiny,2,BKL,True,Swin-Tiny,2,BKL,True,both_correct
ISIC_0024459,4,MEL,DeiT-Tiny,5,NV,False,Swin-Tiny,2,BKL,False,both_wrong
ISIC_0024466,5,NV,DeiT-Tiny,5,NV,True,Swin-Tiny,5,NV,True,both_correct
ISIC_0024477,2,BKL,DeiT-Tiny,2,BKL,True,Swin-Tiny,5,NV,False,model_a_only
ISIC_0024501,5,NV,DeiT-Tiny,5,NV,True,Swin-Tiny,5,NV,True,both_correct
ISIC_0024543,5,NV,DeiT-Tiny,5,NV,True,Swin-Tiny,5,NV,True,both_correct
ISIC_0024576,5,NV,DeiT-Tiny,5,NV,True,Swin-Tiny,5,NV,True,both_correct
ISIC_0024580,5,NV,DeiT-Tiny,5,NV,True,Swin-Tiny,5,NV,True,both_correct
ISIC_0024589,5,NV,DeiT-Tiny,5,NV,True,Swin-Tiny,5,NV,True,both_correct
ISIC_0024658,5,NV,DeiT-Tiny,5,NV,True,Swin-Tiny,5,NV,True,both_correct
ISIC_0024718,5,NV,DeiT-Tiny,5,NV,True,Swin-Tiny,5,NV,True,both_correct
ISIC_0024730,5,NV,DeiT-Tiny,5,NV,True,Swin-Tiny,5,NV,True,both_correct
ISIC_0024742,5,NV,DeiT-Tiny,5,NV,True,Swin-Tiny,5,NV,True,both_correct
ISIC_0024748,2,BKL,DeiT-Tiny,5,NV,False,Swin-Tiny,5,NV,False,both_wrong
ISIC_0024751,5,NV,DeiT-Tiny,5,NV,True,Swin-Tiny,5,NV,True,both_correct
ISIC_0024785,5,NV,DeiT-Tiny,5,NV,True,Swin-Tiny,5,NV,True,both_correct
ISIC_0024834,5,NV,DeiT-Tiny,5,NV,True,Swin-Tiny,5,NV,True,both_correct
ISIC_0024845,3,DF,DeiT-Tiny,3,DF,True,Swin-Tiny,3,DF,True,both_correct
ISIC_0024847,5,NV,DeiT-Tiny,5,NV,True,Swin-Tiny,5,NV,True,both_correct
ISIC_0024864,4,MEL,DeiT-Tiny,2,BKL,False,Swin-Tiny,5,NV,False,both_wrong
ISIC_0024873,5,NV,DeiT-Tiny,5,NV,True,Swin-Tiny,5,NV,True,both_correct
ISIC_0024889,5,NV,DeiT-Tiny,5,NV,True,Swin-Tiny,5,NV,True,both_correct
ISIC_0024906,5,NV,DeiT-Tiny,5,NV,True,Swin-Tiny,5,NV,True,both_correct
ISIC_0024951,4,MEL,DeiT-Tiny,4,MEL,True,Swin-Tiny,4,MEL,True,both_correct
ISIC_0024969,5,NV,DeiT-Tiny,5,NV,True,Swin-Tiny,5,NV,True,both_correct
ISIC_0025023,5,NV,DeiT-Tiny,5,NV,True,Swin-Tiny,5,NV,True,both_correct
ISIC_0025041,5,NV,DeiT-Tiny,5,NV,True,Swin-Tiny,5,NV,True,both_correct
ISIC_0025045,5,NV,DeiT-Tiny,5,NV,True,Swin-Tiny,5,NV,True,both_correct
ISIC_0025058,5,NV,DeiT-Tiny,5,NV,True,Swin-Tiny,5,NV,True,both_correct
ISIC_0025073,5,NV,DeiT-Tiny,5,NV,True,Swin-Tiny,5,NV,True,both_correct
ISIC_0025077,5,NV,DeiT-Tiny,5,NV,True,Swin-Tiny,5,NV,True,both_correct
ISIC_0025086,2,BKL,DeiT-Tiny,2,BKL,True,Swin-Tiny,2,BKL,True,both_correct
ISIC_0025091,5,NV,DeiT-Tiny,5,NV,True,Swin-Tiny,5,NV,True,both_correct
ISIC_0025100,5,NV,DeiT-Tiny,5,NV,True,Swin-Tiny,5,NV,True,both_correct
ISIC_0025103,2,BKL,DeiT-Tiny,2,BKL,True,Swin-Tiny,2,BKL,True,both_correct
ISIC_0025130,6,SCC,DeiT-Tiny,2,BKL,False,Swin-Tiny,0,AK,False,both_wrong
ISIC_0025138,5,NV,DeiT-Tiny,5,NV,True,Swin-Tiny,5,NV,True,both_correct
ISIC_0025148,5,NV,DeiT-Tiny,5,NV,True,Swin-Tiny,5,NV,True,both_correct
ISIC_0025151,5,NV,DeiT-Tiny,5,NV,True,Swin-Tiny,5,NV,True,both_correct
ISIC_0025195,4,MEL,DeiT-Tiny,2,BKL,False,Swin-Tiny,2,BKL,False,both_wrong
ISIC_0025219,4,MEL,DeiT-Tiny,4,MEL,True,Swin-Tiny,4,MEL,True,both_correct
ISIC_0025248,4,MEL,DeiT-Tiny,2,BKL,False,Swin-Tiny,4,MEL,True,model_b_only
ISIC_0025251,5,NV,DeiT-Tiny,5,NV,True,Swin-Tiny,5,NV,True,both_correct
ISIC_0025275,2,BKL,DeiT-Tiny,5,NV,False,Swin-Tiny,5,NV,False,both_wrong
ISIC_0025277,4,MEL,DeiT-Tiny,2,BKL,False,Swin-Tiny,4,MEL,True,model_b_only
ISIC_0025289,5,NV,DeiT-Tiny,5,NV,True,Swin-Tiny,5,NV,True,both_correct
ISIC_0025300,5,NV,DeiT-Tiny,5,NV,True,Swin-Tiny,5,NV,True,both_correct
ISIC_0025357,5,NV,DeiT-Tiny,5,NV,True,Swin-Tiny,5,NV,True,both_correct
ISIC_0025359,5,NV,DeiT-Tiny,5,NV,True,Swin-Tiny,5,NV,True,both_correct
ISIC_0025362,1,BCC,DeiT-Tiny,1,BCC,True,Swin-Tiny,1,BCC,True,both_correct
ISIC_0025364,5,NV,DeiT-Tiny,5,NV,True,Swin-Tiny,5,NV,True,both_correct
ISIC_0025379,5,NV,DeiT-Tiny,5,NV,True,Swin-Tiny,5,NV,True,both_correct
ISIC_0025415,5,NV,DeiT-Tiny,5,NV,True,Swin-Tiny,5,NV,True,both_correct
ISIC_0025417,1,BCC,DeiT-Tiny,1,BCC,True,Swin-Tiny,2,BKL,False,model_a_only
ISIC_0025478,5,NV,DeiT-Tiny,5,NV,True,Swin-Tiny,5,NV,True,both_correct
ISIC_0025480,5,NV,DeiT-Tiny,5,NV,True,Swin-Tiny,5,NV,True,both_correct
ISIC_0025544,5,NV,DeiT-Tiny,5,NV,True,Swin-Tiny,5,NV,True,both_correct
ISIC_0025574,5,NV,DeiT-Tiny,5,NV,True,Swin-Tiny,5,NV,True,both_correct
ISIC_0025585,5,NV,DeiT-Tiny,5,NV,True,Swin-Tiny,5,NV,True,both_correct
ISIC_0025602,5,NV,DeiT-Tiny,5,NV,True,Swin-Tiny,5,NV,True,both_correct
ISIC_0025673,5,NV,DeiT-Tiny,5,NV,True,Swin-Tiny,5,NV,True,both_correct
ISIC_0025699,2,BKL,DeiT-Tiny,5,NV,False,Swin-Tiny,5,NV,False,both_wrong
ISIC_0025710,2,BKL,DeiT-Tiny,2,BKL,True,Swin-Tiny,2,BKL,True,both_correct
ISIC_0025721,5,NV,DeiT-Tiny,5,NV,True,Swin-Tiny,5,NV,True,both_correct
ISIC_0025791,4,MEL,DeiT-Tiny,5,NV,False,Swin-Tiny,5,NV,False,both_wrong
ISIC_0025888,5,NV,DeiT-Tiny,5,NV,True,Swin-Tiny,5,NV,True,both_correct
ISIC_0025902,5,NV,DeiT-Tiny,5,NV,True,Swin-Tiny,5,NV,True,both_correct
ISIC_0025916,5,NV,DeiT-Tiny,5,NV,True,Swin-Tiny,5,NV,True,both_correct
ISIC_0025925,5,NV,DeiT-Tiny,5,NV,True,Swin-Tiny,5,NV,True,both_correct
ISIC_0025930,5,NV,DeiT-Tiny,5,NV,True,Swin-Tiny,5,NV,True,both_correct
ISIC_0025931,5,NV,DeiT-Tiny,5,NV,True,Swin-Tiny,5,NV,True,both_correct
ISIC_0025935,5,NV,DeiT-Tiny,5,NV,True,Swin-Tiny,5,NV,True,both_correct
ISIC_0025951,5,NV,DeiT-Tiny,5,NV,True,Swin-Tiny,5,NV,True,both_correct
ISIC_0025956,5,NV,DeiT-Tiny,4,MEL,False,Swin-Tiny,4,MEL,False,both_wrong
ISIC_0025976,5,NV,DeiT-Tiny,5,NV,True,Swin-Tiny,5,NV,True,both_correct
ISIC_0025986,2,BKL,DeiT-Tiny,5,NV,False,Swin-Tiny,4,MEL,False,both_wrong
ISIC_0026001,5,NV,DeiT-Tiny,5,NV,True,Swin-Tiny,5,NV,True,both_correct
ISIC_0026006,5,NV,DeiT-Tiny,5,NV,True,Swin-Tiny,5,NV,True,both_correct
ISIC_0026037,5,NV,DeiT-Tiny,5,NV,True,Swin-Tiny,5,NV,True,both_correct
ISIC_0026064,5,NV,DeiT-Tiny,5,NV,True,Swin-Tiny,5,NV,True,both_correct
ISIC_0026081,4,MEL,DeiT-Tiny,5,NV,False,Swin-Tiny,5,NV,False,both_wrong
ISIC_0026097,5,NV,DeiT-Tiny,4,MEL,False,Swin-Tiny,4,MEL,False,both_wrong
ISIC_0026123,5,NV,DeiT-Tiny,4,MEL,False,Swin-Tiny,5,NV,True,model_b_only
ISIC_0026144,5,NV,DeiT-Tiny,5,NV,True,Swin-Tiny,5,NV,True,both_correct
ISIC_0026146,5,NV,DeiT-Tiny,5,NV,True,Swin-Tiny,5,NV,True,both_correct
ISIC_0026161,5,NV,DeiT-Tiny,5,NV,True,Swin-Tiny,5,NV,True,both_correct
ISIC_0026171,0,AK,DeiT-Tiny,2,BKL,False,Swin-Tiny,2,BKL,False,both_wrong
ISIC_0026199,5,NV,DeiT-Tiny,5,NV,True,Swin-Tiny,5,NV,True,both_correct
ISIC_0026210,5,NV,DeiT-Tiny,5,NV,True,Swin-Tiny,5,NV,True,both_correct
ISIC_0026213,1,BCC,DeiT-Tiny,1,BCC,True,Swin-Tiny,1,BCC,True,both_correct
ISIC_0026224,5,NV,DeiT-Tiny,5,NV,True,Swin-Tiny,5,NV,True,both_correct
ISIC_0026232,5,NV,DeiT-Tiny,5,NV,True,Swin-Tiny,5,NV,True,both_correct
ISIC_0026245,2,BKL,DeiT-Tiny,5,NV,False,Swin-Tiny,5,NV,False,both_wrong
ISIC_0026272,5,NV,DeiT-Tiny,5,NV,True,Swin-Tiny,5,NV,True,both_correct
ISIC_0026273,2,BKL,DeiT-Tiny,2,BKL,True,Swin-Tiny,2,BKL,True,both_correct
ISIC_0026274,5,NV,DeiT-Tiny,5,NV,True,Swin-Tiny,5,NV,True,both_correct
ISIC_0026280,2,BKL,DeiT-Tiny,2,BKL,True,Swin-Tiny,2,BKL,True,both_correct
ISIC_0026330,5,NV,DeiT-Tiny,5,NV,True,Swin-Tiny,4,MEL,False,model_a_only
ISIC_0026338,5,NV,DeiT-Tiny,5,NV,True,Swin-Tiny,5,NV,True,both_correct
ISIC_0026341,5,NV,DeiT-Tiny,5,NV,True,Swin-Tiny,5,NV,True,both_correct
ISIC_0026344,5,NV,DeiT-Tiny,5,NV,True,Swin-Tiny,5,NV,True,both_correct
ISIC_0026357,5,NV,DeiT-Tiny,5,NV,True,Swin-Tiny,5,NV,True,both_correct
ISIC_0026393,7,VASC,DeiT-Tiny,7,VASC,True,Swin-Tiny,7,VASC,True,both_correct
ISIC_0026414,5,NV,DeiT-Tiny,5,NV,True,Swin-Tiny,4,MEL,False,model_a_only
ISIC_0026442,1,BCC,DeiT-Tiny,1,BCC,True,Swin-Tiny,1,BCC,True,both_correct
ISIC_0026458,4,MEL,DeiT-Tiny,4,MEL,True,Swin-Tiny,4,MEL,True,both_correct
ISIC_0026468,0,AK,DeiT-Tiny,5,NV,False,Swin-Tiny,0,AK,True,model_b_only
ISIC_0026489,4,MEL,DeiT-Tiny,4,MEL,True,Swin-Tiny,4,MEL,True,both_correct
ISIC_0026493,2,BKL,DeiT-Tiny,2,BKL,True,Swin-Tiny,2,BKL,True,both_correct
ISIC_0026495,5,NV,DeiT-Tiny,5,NV,True,Swin-Tiny,5,NV,True,both_correct
ISIC_0026501,5,NV,DeiT-Tiny,5,NV,True,Swin-Tiny,5,NV,True,both_correct
ISIC_0026510,5,NV,DeiT-Tiny,5,NV,True,Swin-Tiny,5,NV,True,both_correct
ISIC_0026528,1,BCC,DeiT-Tiny,5,NV,False,Swin-Tiny,1,BCC,True,model_b_only
ISIC_0026543,5,NV,DeiT-Tiny,5,NV,True,Swin-Tiny,5,NV,True,both_correct
ISIC_0026550,5,NV,DeiT-Tiny,5,NV,True,Swin-Tiny,5,NV,True,both_correct
ISIC_0026579,5,NV,DeiT-Tiny,5,NV,True,Swin-Tiny,5,NV,True,both_correct
ISIC_0026602,5,NV,DeiT-Tiny,5,NV,True,Swin-Tiny,5,NV,True,both_correct
ISIC_0026606,2,BKL,DeiT-Tiny,5,NV,False,Swin-Tiny,5,NV,False,both_wrong
ISIC_0026630,5,NV,DeiT-Tiny,5,NV,True,Swin-Tiny,5,NV,True,both_correct
ISIC_0026637,2,BKL,DeiT-Tiny,4,MEL,False,Swin-Tiny,2,BKL,True,model_b_only
ISIC_0026651,5,NV,DeiT-Tiny,5,NV,True,Swin-Tiny,5,NV,True,both_correct
ISIC_0026678,5,NV,DeiT-Tiny,5,NV,True,Swin-Tiny,5,NV,True,both_correct
ISIC_0026738,4,MEL,DeiT-Tiny,2,BKL,False,Swin-Tiny,4,MEL,True,model_b_only
ISIC_0026767,5,NV,DeiT-Tiny,5,NV,True,Swin-Tiny,5,NV,True,both_correct
ISIC_0026776,5,NV,DeiT-Tiny,5,NV,True,Swin-Tiny,5,NV,True,both_correct
ISIC_0026823,4,MEL,DeiT-Tiny,2,BKL,False,Swin-Tiny,4,MEL,True,model_b_only
ISIC_0026830,5,NV,DeiT-Tiny,5,NV,True,Swin-Tiny,5,NV,True,both_correct
ISIC_0026843,2,BKL,DeiT-Tiny,5,NV,False,Swin-Tiny,5,NV,False,both_wrong
ISIC_0026856,5,NV,DeiT-Tiny,5,NV,True,Swin-Tiny,5,NV,True,both_correct
ISIC_0026864,5,NV,DeiT-Tiny,5,NV,True,Swin-Tiny,5,NV,True,both_correct
ISIC_0026905,0,AK,DeiT-Tiny,2,BKL,False,Swin-Tiny,2,BKL,False,both_wrong
ISIC_0026912,2,BKL,DeiT-Tiny,2,BKL,True,Swin-Tiny,2,BKL,True,both_correct
ISIC_0026952,1,BCC,DeiT-Tiny,1,BCC,True,Swin-Tiny,1,BCC,True,both_correct
ISIC_0026971,5,NV,DeiT-Tiny,5,NV,True,Swin-Tiny,5,NV,True,both_correct
ISIC_0026983,5,NV,DeiT-Tiny,5,NV,True,Swin-Tiny,5,NV,True,both_correct
ISIC_0027042,2,BKL,DeiT-Tiny,2,BKL,True,Swin-Tiny,2,BKL,True,both_correct
ISIC_0027093,1,BCC,DeiT-Tiny,1,BCC,True,Swin-Tiny,1,BCC,True,both_correct
ISIC_0027127,5,NV,DeiT-Tiny,5,NV,True,Swin-Tiny,5,NV,True,both_correct
ISIC_0027133,5,NV,DeiT-Tiny,5,NV,True,Swin-Tiny,5,NV,True,both_correct
ISIC_0027135,1,BCC,DeiT-Tiny,5,NV,False,Swin-Tiny,1,BCC,True,model_b_only
ISIC_0027155,4,MEL,DeiT-Tiny,4,MEL,True,Swin-Tiny,4,MEL,True,both_correct
ISIC_0027164,5,NV,DeiT-Tiny,5,NV,True,Swin-Tiny,5,NV,True,both_correct
ISIC_0027179,4,MEL,DeiT-Tiny,3,DF,False,Swin-Tiny,4,MEL,True,model_b_only
ISIC_0027226,5,NV,DeiT-Tiny,5,NV,True,Swin-Tiny,5,NV,True,both_correct
ISIC_0027252,5,NV,DeiT-Tiny,5,NV,True,Swin-Tiny,5,NV,True,both_correct
ISIC_0027261,4,MEL,DeiT-Tiny,2,BKL,False,Swin-Tiny,4,MEL,True,model_b_only
ISIC_0027322,5,NV,DeiT-Tiny,5,NV,True,Swin-Tiny,5,NV,True,both_correct
ISIC_0027332,2,BKL,DeiT-Tiny,5,NV,False,Swin-Tiny,5,NV,False,both_wrong
ISIC_0027392,2,BKL,DeiT-Tiny,0,AK,False,Swin-Tiny,2,BKL,True,model_b_only
ISIC_0027402,4,MEL,DeiT-Tiny,5,NV,False,Swin-Tiny,5,NV,False,both_wrong
ISIC_0027408,5,NV,DeiT-Tiny,5,NV,True,Swin-Tiny,4,MEL,False,model_a_only
ISIC_0027467,5,NV,DeiT-Tiny,5,NV,True,Swin-Tiny,5,NV,True,both_correct
ISIC_0027473,1,BCC,DeiT-Tiny,1,BCC,True,Swin-Tiny,1,BCC,True,both_correct
ISIC_0027487,4,MEL,DeiT-Tiny,4,MEL,True,Swin-Tiny,4,MEL,True,both_correct
ISIC_0027518,5,NV,DeiT-Tiny,5,NV,True,Swin-Tiny,5,NV,True,both_correct
ISIC_0027535,5,NV,DeiT-Tiny,4,MEL,False,Swin-Tiny,4,MEL,False,both_wrong
ISIC_0027554,5,NV,DeiT-Tiny,2,BKL,False,Swin-Tiny,5,NV,True,model_b_only
ISIC_0027563,7,VASC,DeiT-Tiny,7,VASC,True,Swin-Tiny,7,VASC,True,both_correct
ISIC_0027569,5,NV,DeiT-Tiny,5,NV,True,Swin-Tiny,5,NV,True,both_correct
ISIC_0027576,5,NV,DeiT-Tiny,5,NV,True,Swin-Tiny,5,NV,True,both_correct
ISIC_0027607,5,NV,DeiT-Tiny,4,MEL,False,Swin-Tiny,4,MEL,False,both_wrong
ISIC_0027615,0,AK,DeiT-Tiny,2,BKL,False,Swin-Tiny,2,BKL,False,both_wrong
ISIC_0027619,5,NV,DeiT-Tiny,5,NV,True,Swin-Tiny,5,NV,True,both_correct
ISIC_0027669,4,MEL,DeiT-Tiny,4,MEL,True,Swin-Tiny,4,MEL,True,both_correct
ISIC_0027693,4,MEL,DeiT-Tiny,4,MEL,True,Swin-Tiny,5,NV,False,model_a_only
ISIC_0027696,5,NV,DeiT-Tiny,5,NV,True,Swin-Tiny,5,NV,True,both_correct
ISIC_0027697,5,NV,DeiT-Tiny,5,NV,True,Swin-Tiny,5,NV,True,both_correct
ISIC_0027752,5,NV,DeiT-Tiny,5,NV,True,Swin-Tiny,5,NV,True,both_correct
ISIC_0027767,6,SCC,DeiT-Tiny,5,NV,False,Swin-Tiny,6,SCC,True,model_b_only
ISIC_0027784,5,NV,DeiT-Tiny,5,NV,True,Swin-Tiny,5,NV,True,both_correct
ISIC_0027811,2,BKL,DeiT-Tiny,2,BKL,True,Swin-Tiny,2,BKL,True,both_correct
ISIC_0027819,1,BCC,DeiT-Tiny,1,BCC,True,Swin-Tiny,5,NV,False,model_a_only
ISIC_0027824,5,NV,DeiT-Tiny,5,NV,True,Swin-Tiny,5,NV,True,both_correct
ISIC_0027831,2,BKL,DeiT-Tiny,2,BKL,True,Swin-Tiny,2,BKL,True,both_correct
ISIC_0027848,5,NV,DeiT-Tiny,5,NV,True,Swin-Tiny,5,NV,True,both_correct
ISIC_0027902,5,NV,DeiT-Tiny,5,NV,True,Swin-Tiny,5,NV,True,both_correct
ISIC_0027911,5,NV,DeiT-Tiny,4,MEL,False,Swin-Tiny,2,BKL,False,both_wrong
ISIC_0027923,5,NV,DeiT-Tiny,5,NV,True,Swin-Tiny,5,NV,True,both_correct
ISIC_0027949,5,NV,DeiT-Tiny,4,MEL,False,Swin-Tiny,4,MEL,False,both_wrong
ISIC_0027959,5,NV,DeiT-Tiny,5,NV,True,Swin-Tiny,5,NV,True,both_correct
ISIC_0027965,5,NV,DeiT-Tiny,5,NV,True,Swin-Tiny,5,NV,True,both_correct
ISIC_0028035,1,BCC,DeiT-Tiny,1,BCC,True,Swin-Tiny,1,BCC,True,both_correct
ISIC_0028036,5,NV,DeiT-Tiny,5,NV,True,Swin-Tiny,5,NV,True,both_correct
ISIC_0028041,4,MEL,DeiT-Tiny,3,DF,False,Swin-Tiny,4,MEL,True,model_b_only
ISIC_0028075,4,MEL,DeiT-Tiny,2,BKL,False,Swin-Tiny,4,MEL,True,model_b_only
ISIC_0028111,5,NV,DeiT-Tiny,5,NV,True,Swin-Tiny,5,NV,True,both_correct
ISIC_0028118,5,NV,DeiT-Tiny,5,NV,True,Swin-Tiny,5,NV,True,both_correct
ISIC_0028132,6,SCC,DeiT-Tiny,1,BCC,False,Swin-Tiny,1,BCC,False,both_wrong
ISIC_0028161,5,NV,DeiT-Tiny,5,NV,True,Swin-Tiny,5,NV,True,both_correct
ISIC_0028179,5,NV,DeiT-Tiny,1,BCC,False,Swin-Tiny,1,BCC,False,both_wrong
ISIC_0028191,5,NV,DeiT-Tiny,5,NV,True,Swin-Tiny,5,NV,True,both_correct
ISIC_0028192,5,NV,DeiT-Tiny,5,NV,True,Swin-Tiny,5,NV,True,both_correct
ISIC_0028195,5,NV,DeiT-Tiny,5,NV,True,Swin-Tiny,5,NV,True,both_correct
ISIC_0028216,5,NV,DeiT-Tiny,5,NV,True,Swin-Tiny,4,MEL,False,model_a_only
ISIC_0028241,5,NV,DeiT-Tiny,5,NV,True,Swin-Tiny,5,NV,True,both_correct
ISIC_0028244,5,NV,DeiT-Tiny,5,NV,True,Swin-Tiny,5,NV,True,both_correct
ISIC_0028247,5,NV,DeiT-Tiny,5,NV,True,Swin-Tiny,5,NV,True,both_correct
ISIC_0028252,5,NV,DeiT-Tiny,5,NV,True,Swin-Tiny,5,NV,True,both_correct
ISIC_0028317,4,MEL,DeiT-Tiny,4,MEL,True,Swin-Tiny,2,BKL,False,model_a_only
ISIC_0028415,4,MEL,DeiT-Tiny,4,MEL,True,Swin-Tiny,4,MEL,True,both_correct
ISIC_0028416,5,NV,DeiT-Tiny,5,NV,True,Swin-Tiny,5,NV,True,both_correct
ISIC_0028455,5,NV,DeiT-Tiny,5,NV,True,Swin-Tiny,5,NV,True,both_correct
ISIC_0028462,5,NV,DeiT-Tiny,5,NV,True,Swin-Tiny,5,NV,True,both_correct
ISIC_0028505,4,MEL,DeiT-Tiny,4,MEL,True,Swin-Tiny,4,MEL,True,both_correct
ISIC_0028546,5,NV,DeiT-Tiny,5,NV,True,Swin-Tiny,5,NV,True,both_correct
ISIC_0028550,2,BKL,DeiT-Tiny,4,MEL,False,Swin-Tiny,4,MEL,False,both_wrong
ISIC_0028555,2,BKL,DeiT-Tiny,2,BKL,True,Swin-Tiny,2,BKL,True,both_correct
ISIC_0028582,4,MEL,DeiT-Tiny,5,NV,False,Swin-Tiny,4,MEL,True,model_b_only
ISIC_0028595,5,NV,DeiT-Tiny,5,NV,True,Swin-Tiny,5,NV,True,both_correct
ISIC_0028653,1,BCC,DeiT-Tiny,1,BCC,True,Swin-Tiny,1,BCC,True,both_correct
ISIC_0028655,4,MEL,DeiT-Tiny,5,NV,False,Swin-Tiny,4,MEL,True,model_b_only
ISIC_0028658,5,NV,DeiT-Tiny,5,NV,True,Swin-Tiny,5,NV,True,both_correct
ISIC_0028671,1,BCC,DeiT-Tiny,4,MEL,False,Swin-Tiny,4,MEL,False,both_wrong
ISIC_0028711,5,NV,DeiT-Tiny,5,NV,True,Swin-Tiny,5,NV,True,both_correct
ISIC_0028756,5,NV,DeiT-Tiny,5,NV,True,Swin-Tiny,5,NV,True,both_correct
ISIC_0028764,4,MEL,DeiT-Tiny,2,BKL,False,Swin-Tiny,4,MEL,True,model_b_only
ISIC_0028767,5,NV,DeiT-Tiny,4,MEL,False,Swin-Tiny,4,MEL,False,both_wrong
ISIC_0028779,5,NV,DeiT-Tiny,5,NV,True,Swin-Tiny,5,NV,True,both_correct
ISIC_0028796,5,NV,DeiT-Tiny,5,NV,True,Swin-Tiny,5,NV,True,both_correct
ISIC_0028805,5,NV,DeiT-Tiny,5,NV,True,Swin-Tiny,5,NV,True,both_correct
ISIC_0028839,5,NV,DeiT-Tiny,5,NV,True,Swin-Tiny,5,NV,True,both_correct
ISIC_0028845,5,NV,DeiT-Tiny,5,NV,True,Swin-Tiny,5,NV,True,both_correct
ISIC_0028849,5,NV,DeiT-Tiny,5,NV,True,Swin-Tiny,5,NV,True,both_correct
ISIC_0028881,2,BKL,DeiT-Tiny,2,BKL,True,Swin-Tiny,2,BKL,True,both_correct
ISIC_0028935,5,NV,DeiT-Tiny,5,NV,True,Swin-Tiny,5,NV,True,both_correct
ISIC_0028947,5,NV,DeiT-Tiny,5,NV,True,Swin-Tiny,5,NV,True,both_correct
ISIC_0028957,5,NV,DeiT-Tiny,5,NV,True,Swin-Tiny,5,NV,True,both_correct
ISIC_0028958,2,BKL,DeiT-Tiny,2,BKL,True,Swin-Tiny,2,BKL,True,both_correct
ISIC_0028965,4,MEL,DeiT-Tiny,4,MEL,True,Swin-Tiny,2,BKL,False,model_a_only
ISIC_0028971,5,NV,DeiT-Tiny,2,BKL,False,Swin-Tiny,4,MEL,False,both_wrong
ISIC_0028988,5,NV,DeiT-Tiny,5,NV,True,Swin-Tiny,2,BKL,False,model_a_only
ISIC_0028990,0,AK,DeiT-Tiny,2,BKL,False,Swin-Tiny,6,SCC,False,both_wrong
ISIC_0028999,5,NV,DeiT-Tiny,5,NV,True,Swin-Tiny,5,NV,True,both_correct
ISIC_0029012,2,BKL,DeiT-Tiny,2,BKL,True,Swin-Tiny,2,BKL,True,both_correct
ISIC_0029017,4,MEL,DeiT-Tiny,5,NV,False,Swin-Tiny,5,NV,False,both_wrong
ISIC_0029021,4,MEL,DeiT-Tiny,5,NV,False,Swin-Tiny,5,NV,False,both_wrong
ISIC_0029080,2,BKL,DeiT-Tiny,2,BKL,True,Swin-Tiny,2,BKL,True,both_correct
ISIC_0029088,5,NV,DeiT-Tiny,5,NV,True,Swin-Tiny,5,NV,True,both_correct
ISIC_0029101,2,BKL,DeiT-Tiny,2,BKL,True,Swin-Tiny,2,BKL,True,both_correct
ISIC_0029112,5,NV,DeiT-Tiny,5,NV,True,Swin-Tiny,5,NV,True,both_correct
ISIC_0029150,5,NV,DeiT-Tiny,5,NV,True,Swin-Tiny,5,NV,True,both_correct
ISIC_0029161,2,BKL,DeiT-Tiny,2,BKL,True,Swin-Tiny,2,BKL,True,both_correct
ISIC_0029216,4,MEL,DeiT-Tiny,4,MEL,True,Swin-Tiny,5,NV,False,model_a_only
ISIC_0029301,2,BKL,DeiT-Tiny,5,NV,False,Swin-Tiny,4,MEL,False,both_wrong
ISIC_0029311,2,BKL,DeiT-Tiny,2,BKL,True,Swin-Tiny,2,BKL,True,both_correct
ISIC_0029323,1,BCC,DeiT-Tiny,5,NV,False,Swin-Tiny,1,BCC,True,model_b_only
ISIC_0029362,6,SCC,DeiT-Tiny,1,BCC,False,Swin-Tiny,1,BCC,False,both_wrong
ISIC_0029376,5,NV,DeiT-Tiny,5,NV,True,Swin-Tiny,5,NV,True,both_correct
ISIC_0029385,5,NV,DeiT-Tiny,5,NV,True,Swin-Tiny,5,NV,True,both_correct
ISIC_0029420,2,BKL,DeiT-Tiny,2,BKL,True,Swin-Tiny,2,BKL,True,both_correct
ISIC_0029436,5,NV,DeiT-Tiny,5,NV,True,Swin-Tiny,5,NV,True,both_correct
ISIC_0029442,5,NV,DeiT-Tiny,5,NV,True,Swin-Tiny,5,NV,True,both_correct
ISIC_0029561,5,NV,DeiT-Tiny,5,NV,True,Swin-Tiny,5,NV,True,both_correct
ISIC_0029568,2,BKL,DeiT-Tiny,4,MEL,False,Swin-Tiny,2,BKL,True,model_b_only
ISIC_0029584,5,NV,DeiT-Tiny,5,NV,True,Swin-Tiny,5,NV,True,both_correct
ISIC_0029592,5,NV,DeiT-Tiny,5,NV,True,Swin-Tiny,5,NV,True,both_correct
ISIC_0029599,5,NV,DeiT-Tiny,5,NV,True,Swin-Tiny,5,NV,True,both_correct
ISIC_0029617,2,BKL,DeiT-Tiny,5,NV,False,Swin-Tiny,5,NV,False,both_wrong
ISIC_0029628,5,NV,DeiT-Tiny,5,NV,True,Swin-Tiny,5,NV,True,both_correct
ISIC_0029641,5,NV,DeiT-Tiny,5,NV,True,Swin-Tiny,5,NV,True,both_correct
ISIC_0029683,2,BKL,DeiT-Tiny,2,BKL,True,Swin-Tiny,4,MEL,False,model_a_only
ISIC_0029700,5,NV,DeiT-Tiny,5,NV,True,Swin-Tiny,5,NV,True,both_correct
ISIC_0029732,5,NV,DeiT-Tiny,5,NV,True,Swin-Tiny,5,NV,True,both_correct
ISIC_0029739,5,NV,DeiT-Tiny,5,NV,True,Swin-Tiny,5,NV,True,both_correct
ISIC_0029774,5,NV,DeiT-Tiny,5,NV,True,Swin-Tiny,5,NV,True,both_correct
ISIC_0029799,5,NV,DeiT-Tiny,5,NV,True,Swin-Tiny,5,NV,True,both_correct
ISIC_0029806,5,NV,DeiT-Tiny,5,NV,True,Swin-Tiny,5,NV,True,both_correct
ISIC_0029810,2,BKL,DeiT-Tiny,2,BKL,True,Swin-Tiny,0,AK,False,model_a_only
ISIC_0029854,5,NV,DeiT-Tiny,5,NV,True,Swin-Tiny,2,BKL,False,model_a_only
ISIC_0029873,5,NV,DeiT-Tiny,5,NV,True,Swin-Tiny,5,NV,True,both_correct
ISIC_0029906,5,NV,DeiT-Tiny,5,NV,True,Swin-Tiny,5,NV,True,both_correct
ISIC_0029915,0,AK,DeiT-Tiny,1,BCC,False,Swin-Tiny,5,NV,False,both_wrong
ISIC_0029928,5,NV,DeiT-Tiny,5,NV,True,Swin-Tiny,5,NV,True,both_correct
ISIC_0029944,5,NV,DeiT-Tiny,5,NV,True,Swin-Tiny,5,NV,True,both_correct
ISIC_0030000,5,NV,DeiT-Tiny,5,NV,True,Swin-Tiny,5,NV,True,both_correct
ISIC_0030005,2,BKL,DeiT-Tiny,2,BKL,True,Swin-Tiny,0,AK,False,model_a_only
ISIC_0030031,4,MEL,DeiT-Tiny,2,BKL,False,Swin-Tiny,2,BKL,False,both_wrong
ISIC_0030075,5,NV,DeiT-Tiny,5,NV,True,Swin-Tiny,5,NV,True,both_correct
ISIC_0030091,5,NV,DeiT-Tiny,2,BKL,False,Swin-Tiny,5,NV,True,model_b_only
ISIC_0030097,5,NV,DeiT-Tiny,5,NV,True,Swin-Tiny,5,NV,True,both_correct
ISIC_0030106,4,MEL,DeiT-Tiny,4,MEL,True,Swin-Tiny,4,MEL,True,both_correct
ISIC_0030112,5,NV,DeiT-Tiny,5,NV,True,Swin-Tiny,5,NV,True,both_correct
ISIC_0030136,5,NV,DeiT-Tiny,5,NV,True,Swin-Tiny,5,NV,True,both_correct
ISIC_0030138,1,BCC,DeiT-Tiny,1,BCC,True,Swin-Tiny,1,BCC,True,both_correct
ISIC_0030168,5,NV,DeiT-Tiny,5,NV,True,Swin-Tiny,5,NV,True,both_correct
ISIC_0030173,2,BKL,DeiT-Tiny,2,BKL,True,Swin-Tiny,2,BKL,True,both_correct
ISIC_0030191,6,SCC,DeiT-Tiny,2,BKL,False,Swin-Tiny,4,MEL,False,both_wrong
ISIC_0030240,2,BKL,DeiT-Tiny,2,BKL,True,Swin-Tiny,2,BKL,True,both_correct
ISIC_0030260,5,NV,DeiT-Tiny,5,NV,True,Swin-Tiny,4,MEL,False,model_a_only
ISIC_0030269,5,NV,DeiT-Tiny,5,NV,True,Swin-Tiny,5,NV,True,both_correct
ISIC_0030270,5,NV,DeiT-Tiny,5,NV,True,Swin-Tiny,5,NV,True,both_correct
ISIC_0030322,5,NV,DeiT-Tiny,5,NV,True,Swin-Tiny,5,NV,True,both_correct
ISIC_0030351,5,NV,DeiT-Tiny,5,NV,True,Swin-Tiny,5,NV,True,both_correct
ISIC_0030354,5,NV,DeiT-Tiny,5,NV,True,Swin-Tiny,5,NV,True,both_correct
ISIC_0030366,4,MEL,DeiT-Tiny,5,NV,False,Swin-Tiny,5,NV,False,both_wrong
ISIC_0030381,5,NV,DeiT-Tiny,5,NV,True,Swin-Tiny,5,NV,True,both_correct
ISIC_0030391,4,MEL,DeiT-Tiny,5,NV,False,Swin-Tiny,5,NV,False,both_wrong
ISIC_0030422,5,NV,DeiT-Tiny,5,NV,True,Swin-Tiny,5,NV,True,both_correct
ISIC_0030424,5,NV,DeiT-Tiny,5,NV,True,Swin-Tiny,5,NV,True,both_correct
ISIC_0030436,2,BKL,DeiT-Tiny,1,BCC,False,Swin-Tiny,1,BCC,False,both_wrong
ISIC_0030460,5,NV,DeiT-Tiny,5,NV,True,Swin-Tiny,4,MEL,False,model_a_only
ISIC_0030475,5,NV,DeiT-Tiny,5,NV,True,Swin-Tiny,5,NV,True,both_correct
ISIC_0030477,5,NV,DeiT-Tiny,5,NV,True,Swin-Tiny,5,NV,True,both_correct
ISIC_0030490,5,NV,DeiT-Tiny,5,NV,True,Swin-Tiny,5,NV,True,both_correct
ISIC_0030515,5,NV,DeiT-Tiny,5,NV,True,Swin-Tiny,5,NV,True,both_correct
ISIC_0030522,2,BKL,DeiT-Tiny,5,NV,False,Swin-Tiny,2,BKL,True,model_b_only
ISIC_0030543,5,NV,DeiT-Tiny,5,NV,True,Swin-Tiny,5,NV,True,both_correct
ISIC_0030559,5,NV,DeiT-Tiny,5,NV,True,Swin-Tiny,5,NV,True,both_correct
ISIC_0030584,5,NV,DeiT-Tiny,5,NV,True,Swin-Tiny,5,NV,True,both_correct
ISIC_0030589,5,NV,DeiT-Tiny,5,NV,True,Swin-Tiny,1,BCC,False,model_a_only
ISIC_0030598,5,NV,DeiT-Tiny,2,BKL,False,Swin-Tiny,5,NV,True,model_b_only
ISIC_0030636,2,BKL,DeiT-Tiny,2,BKL,True,Swin-Tiny,2,BKL,True,both_correct
ISIC_0030655,0,AK,DeiT-Tiny,2,BKL,False,Swin-Tiny,2,BKL,False,both_wrong
ISIC_0030679,5,NV,DeiT-Tiny,5,NV,True,Swin-Tiny,5,NV,True,both_correct
ISIC_0030682,5,NV,DeiT-Tiny,5,NV,True,Swin-Tiny,5,NV,True,both_correct
ISIC_0030691,5,NV,DeiT-Tiny,5,NV,True,Swin-Tiny,5,NV,True,both_correct
ISIC_0030704,5,NV,DeiT-Tiny,5,NV,True,Swin-Tiny,5,NV,True,both_correct
ISIC_0030722,7,VASC,DeiT-Tiny,7,VASC,True,Swin-Tiny,7,VASC,True,both_correct
ISIC_0030744,2,BKL,DeiT-Tiny,6,SCC,False,Swin-Tiny,2,BKL,True,model_b_only
ISIC_0030765,5,NV,DeiT-Tiny,5,NV,True,Swin-Tiny,5,NV,True,both_correct
ISIC_0030790,5,NV,DeiT-Tiny,2,BKL,False,Swin-Tiny,5,NV,True,model_b_only
ISIC_0030823,5,NV,DeiT-Tiny,5,NV,True,Swin-Tiny,5,NV,True,both_correct
ISIC_0030856,5,NV,DeiT-Tiny,2,BKL,False,Swin-Tiny,5,NV,True,model_b_only
ISIC_0030926,2,BKL,DeiT-Tiny,4,MEL,False,Swin-Tiny,0,AK,False,both_wrong
ISIC_0030938,5,NV,DeiT-Tiny,5,NV,True,Swin-Tiny,5,NV,True,both_correct
ISIC_0030965,2,BKL,DeiT-Tiny,2,BKL,True,Swin-Tiny,6,SCC,False,model_a_only
ISIC_0030984,5,NV,DeiT-Tiny,5,NV,True,Swin-Tiny,5,NV,True,both_correct
ISIC_0031000,2,BKL,DeiT-Tiny,2,BKL,True,Swin-Tiny,4,MEL,False,model_a_only
ISIC_0031013,4,MEL,DeiT-Tiny,2,BKL,False,Swin-Tiny,4,MEL,True,model_b_only
ISIC_0031014,5,NV,DeiT-Tiny,5,NV,True,Swin-Tiny,5,NV,True,both_correct
ISIC_0031089,5,NV,DeiT-Tiny,5,NV,True,Swin-Tiny,5,NV,True,both_correct
ISIC_0031097,5,NV,DeiT-Tiny,5,NV,True,Swin-Tiny,5,NV,True,both_correct
ISIC_0031114,5,NV,DeiT-Tiny,5,NV,True,Swin-Tiny,5,NV,True,both_correct
ISIC_0031123,3,DF,DeiT-Tiny,5,NV,False,Swin-Tiny,3,DF,True,model_b_only
ISIC_0031128,5,NV,DeiT-Tiny,5,NV,True,Swin-Tiny,5,NV,True,both_correct
ISIC_0031167,5,NV,DeiT-Tiny,5,NV,True,Swin-Tiny,5,NV,True,both_correct
ISIC_0031171,1,BCC,DeiT-Tiny,1,BCC,True,Swin-Tiny,1,BCC,True,both_correct
ISIC_0031201,7,VASC,DeiT-Tiny,7,VASC,True,Swin-Tiny,7,VASC,True,both_correct
ISIC_0031205,5,NV,DeiT-Tiny,5,NV,True,Swin-Tiny,5,NV,True,both_correct
ISIC_0031260,5,NV,DeiT-Tiny,5,NV,True,Swin-Tiny,5,NV,True,both_correct
ISIC_0031278,5,NV,DeiT-Tiny,5,NV,True,Swin-Tiny,4,MEL,False,model_a_only
ISIC_0031316,5,NV,DeiT-Tiny,5,NV,True,Swin-Tiny,5,NV,True,both_correct
ISIC_0031399,5,NV,DeiT-Tiny,5,NV,True,Swin-Tiny,5,NV,True,both_correct
ISIC_0031418,5,NV,DeiT-Tiny,5,NV,True,Swin-Tiny,5,NV,True,both_correct
ISIC_0031419,5,NV,DeiT-Tiny,5,NV,True,Swin-Tiny,5,NV,True,both_correct
ISIC_0031422,5,NV,DeiT-Tiny,5,NV,True,Swin-Tiny,5,NV,True,both_correct
ISIC_0031436,2,BKL,DeiT-Tiny,2,BKL,True,Swin-Tiny,2,BKL,True,both_correct
ISIC_0031440,5,NV,DeiT-Tiny,5,NV,True,Swin-Tiny,5,NV,True,both_correct
ISIC_0031455,5,NV,DeiT-Tiny,5,NV,True,Swin-Tiny,5,NV,True,both_correct
ISIC_0031468,2,BKL,DeiT-Tiny,2,BKL,True,Swin-Tiny,2,BKL,True,both_correct
ISIC_0031515,5,NV,DeiT-Tiny,2,BKL,False,Swin-Tiny,2,BKL,False,both_wrong
ISIC_0031520,1,BCC,DeiT-Tiny,1,BCC,True,Swin-Tiny,6,SCC,False,model_a_only
ISIC_0031543,4,MEL,DeiT-Tiny,2,BKL,False,Swin-Tiny,2,BKL,False,both_wrong
ISIC_0031544,5,NV,DeiT-Tiny,5,NV,True,Swin-Tiny,5,NV,True,both_correct
ISIC_0031567,5,NV,DeiT-Tiny,5,NV,True,Swin-Tiny,5,NV,True,both_correct
ISIC_0031593,2,BKL,DeiT-Tiny,2,BKL,True,Swin-Tiny,5,NV,False,model_a_only
ISIC_0031613,5,NV,DeiT-Tiny,5,NV,True,Swin-Tiny,5,NV,True,both_correct
ISIC_0031661,5,NV,DeiT-Tiny,5,NV,True,Swin-Tiny,5,NV,True,both_correct
ISIC_0031675,5,NV,DeiT-Tiny,5,NV,True,Swin-Tiny,5,NV,True,both_correct
ISIC_0031692,6,SCC,DeiT-Tiny,6,SCC,True,Swin-Tiny,6,SCC,True,both_correct
ISIC_0031693,5,NV,DeiT-Tiny,5,NV,True,Swin-Tiny,5,NV,True,both_correct
ISIC_0031709,4,MEL,DeiT-Tiny,2,BKL,False,Swin-Tiny,6,SCC,False,both_wrong
ISIC_0031712,1,BCC,DeiT-Tiny,5,NV,False,Swin-Tiny,6,SCC,False,both_wrong
ISIC_0031716,2,BKL,DeiT-Tiny,1,BCC,False,Swin-Tiny,6,SCC,False,both_wrong
ISIC_0031741,4,MEL,DeiT-Tiny,5,NV,False,Swin-Tiny,5,NV,False,both_wrong
ISIC_0031742,5,NV,DeiT-Tiny,5,NV,True,Swin-Tiny,4,MEL,False,model_a_only
ISIC_0031768,5,NV,DeiT-Tiny,5,NV,True,Swin-Tiny,5,NV,True,both_correct
ISIC_0031774,5,NV,DeiT-Tiny,5,NV,True,Swin-Tiny,5,NV,True,both_correct
ISIC_0031795,4,MEL,DeiT-Tiny,5,NV,False,Swin-Tiny,4,MEL,True,model_b_only
ISIC_0031813,5,NV,DeiT-Tiny,5,NV,True,Swin-Tiny,5,NV,True,both_correct
ISIC_0031816,5,NV,DeiT-Tiny,5,NV,True,Swin-Tiny,5,NV,True,both_correct
ISIC_0031850,5,NV,DeiT-Tiny,5,NV,True,Swin-Tiny,5,NV,True,both_correct
ISIC_0031851,2,BKL,DeiT-Tiny,6,SCC,False,Swin-Tiny,2,BKL,True,model_b_only
ISIC_0031854,5,NV,DeiT-Tiny,5,NV,True,Swin-Tiny,5,NV,True,both_correct
ISIC_0031870,5,NV,DeiT-Tiny,5,NV,True,Swin-Tiny,5,NV,True,both_correct
ISIC_0031898,5,NV,DeiT-Tiny,5,NV,True,Swin-Tiny,5,NV,True,both_correct
ISIC_0031910,5,NV,DeiT-Tiny,5,NV,True,Swin-Tiny,5,NV,True,both_correct
ISIC_0031913,5,NV,DeiT-Tiny,2,BKL,False,Swin-Tiny,4,MEL,False,both_wrong
ISIC_0031920,5,NV,DeiT-Tiny,5,NV,True,Swin-Tiny,5,NV,True,both_correct
ISIC_0031946,5,NV,DeiT-Tiny,5,NV,True,Swin-Tiny,5,NV,True,both_correct
ISIC_0031963,5,NV,DeiT-Tiny,5,NV,True,Swin-Tiny,5,NV,True,both_correct
ISIC_0031965,5,NV,DeiT-Tiny,2,BKL,False,Swin-Tiny,5,NV,True,model_b_only
ISIC_0031969,5,NV,DeiT-Tiny,5,NV,True,Swin-Tiny,5,NV,True,both_correct
ISIC_0031991,5,NV,DeiT-Tiny,4,MEL,False,Swin-Tiny,5,NV,True,model_b_only
ISIC_0031994,5,NV,DeiT-Tiny,5,NV,True,Swin-Tiny,5,NV,True,both_correct
ISIC_0031995,5,NV,DeiT-Tiny,5,NV,True,Swin-Tiny,5,NV,True,both_correct
ISIC_0032071,5,NV,DeiT-Tiny,5,NV,True,Swin-Tiny,5,NV,True,both_correct
ISIC_0032084,5,NV,DeiT-Tiny,5,NV,True,Swin-Tiny,5,NV,True,both_correct
ISIC_0032124,2,BKL,DeiT-Tiny,2,BKL,True,Swin-Tiny,2,BKL,True,both_correct
ISIC_0032156,2,BKL,DeiT-Tiny,2,BKL,True,Swin-Tiny,2,BKL,True,both_correct
ISIC_0032165,5,NV,DeiT-Tiny,5,NV,True,Swin-Tiny,5,NV,True,both_correct
ISIC_0032173,6,SCC,DeiT-Tiny,6,SCC,True,Swin-Tiny,6,SCC,True,both_correct
ISIC_0032185,1,BCC,DeiT-Tiny,1,BCC,True,Swin-Tiny,1,BCC,True,both_correct
ISIC_0032186,5,NV,DeiT-Tiny,5,NV,True,Swin-Tiny,4,MEL,False,model_a_only
ISIC_0032200,2,BKL,DeiT-Tiny,2,BKL,True,Swin-Tiny,2,BKL,True,both_correct
ISIC_0032206,0,AK,DeiT-Tiny,5,NV,False,Swin-Tiny,6,SCC,False,both_wrong
ISIC_0032213,5,NV,DeiT-Tiny,5,NV,True,Swin-Tiny,5,NV,True,both_correct
ISIC_0032241,5,NV,DeiT-Tiny,5,NV,True,Swin-Tiny,5,NV,True,both_correct
ISIC_0032266,5,NV,DeiT-Tiny,5,NV,True,Swin-Tiny,5,NV,True,both_correct
ISIC_0032283,2,BKL,DeiT-Tiny,2,BKL,True,Swin-Tiny,2,BKL,True,both_correct
ISIC_0032287,4,MEL,DeiT-Tiny,5,NV,False,Swin-Tiny,5,NV,False,both_wrong
ISIC_0032289,5,NV,DeiT-Tiny,5,NV,True,Swin-Tiny,5,NV,True,both_correct
ISIC_0032423,5,NV,DeiT-Tiny,5,NV,True,Swin-Tiny,4,MEL,False,model_a_only
ISIC_0032431,5,NV,DeiT-Tiny,5,NV,True,Swin-Tiny,5,NV,True,both_correct
ISIC_0032451,5,NV,DeiT-Tiny,5,NV,True,Swin-Tiny,5,NV,True,both_correct
ISIC_0032465,5,NV,DeiT-Tiny,5,NV,True,Swin-Tiny,5,NV,True,both_correct
ISIC_0032494,5,NV,DeiT-Tiny,5,NV,True,Swin-Tiny,5,NV,True,both_correct
ISIC_0032506,5,NV,DeiT-Tiny,5,NV,True,Swin-Tiny,5,NV,True,both_correct
ISIC_0032508,2,BKL,DeiT-Tiny,5,NV,False,Swin-Tiny,5,NV,False,both_wrong
ISIC_0032536,1,BCC,DeiT-Tiny,4,MEL,False,Swin-Tiny,4,MEL,False,both_wrong
ISIC_0032579,5,NV,DeiT-Tiny,5,NV,True,Swin-Tiny,5,NV,True,both_correct
ISIC_0032600,5,NV,DeiT-Tiny,5,NV,True,Swin-Tiny,4,MEL,False,model_a_only
ISIC_0032605,5,NV,DeiT-Tiny,5,NV,True,Swin-Tiny,5,NV,True,both_correct
ISIC_0032624,4,MEL,DeiT-Tiny,5,NV,False,Swin-Tiny,4,MEL,True,model_b_only
ISIC_0032634,5,NV,DeiT-Tiny,5,NV,True,Swin-Tiny,5,NV,True,both_correct
ISIC_0032692,7,VASC,DeiT-Tiny,7,VASC,True,Swin-Tiny,7,VASC,True,both_correct
ISIC_0032757,2,BKL,DeiT-Tiny,5,NV,False,Swin-Tiny,5,NV,False,both_wrong
ISIC_0032759,5,NV,DeiT-Tiny,5,NV,True,Swin-Tiny,5,NV,True,both_correct
ISIC_0032760,5,NV,DeiT-Tiny,5,NV,True,Swin-Tiny,5,NV,True,both_correct
ISIC_0032770,5,NV,DeiT-Tiny,5,NV,True,Swin-Tiny,5,NV,True,both_correct
ISIC_0032779,5,NV,DeiT-Tiny,5,NV,True,Swin-Tiny,5,NV,True,both_correct
ISIC_0032783,5,NV,DeiT-Tiny,5,NV,True,Swin-Tiny,5,NV,True,both_correct
ISIC_0032791,5,NV,DeiT-Tiny,5,NV,True,Swin-Tiny,5,NV,True,both_correct
ISIC_0032821,5,NV,DeiT-Tiny,5,NV,True,Swin-Tiny,5,NV,True,both_correct
ISIC_0032830,5,NV,DeiT-Tiny,5,NV,True,Swin-Tiny,5,NV,True,both_correct
ISIC_0032839,7,VASC,DeiT-Tiny,7,VASC,True,Swin-Tiny,7,VASC,True,both_correct
ISIC_0032853,5,NV,DeiT-Tiny,5,NV,True,Swin-Tiny,4,MEL,False,model_a_only
ISIC_0032880,5,NV,DeiT-Tiny,5,NV,True,Swin-Tiny,5,NV,True,both_correct
ISIC_0032892,4,MEL,DeiT-Tiny,4,MEL,True,Swin-Tiny,4,MEL,True,both_correct
ISIC_0032896,5,NV,DeiT-Tiny,5,NV,True,Swin-Tiny,5,NV,True,both_correct
ISIC_0032932,7,VASC,DeiT-Tiny,7,VASC,True,Swin-Tiny,7,VASC,True,both_correct
ISIC_0032962,5,NV,DeiT-Tiny,5,NV,True,Swin-Tiny,5,NV,True,both_correct
ISIC_0032983,2,BKL,DeiT-Tiny,2,BKL,True,Swin-Tiny,2,BKL,True,both_correct
ISIC_0032986,5,NV,DeiT-Tiny,5,NV,True,Swin-Tiny,5,NV,True,both_correct
ISIC_0033029,4,MEL,DeiT-Tiny,5,NV,False,Swin-Tiny,4,MEL,True,model_b_only
ISIC_0033036,5,NV,DeiT-Tiny,5,NV,True,Swin-Tiny,5,NV,True,both_correct
ISIC_0033089,4,MEL,DeiT-Tiny,4,MEL,True,Swin-Tiny,4,MEL,True,both_correct
ISIC_0033097,5,NV,DeiT-Tiny,4,MEL,False,Swin-Tiny,5,NV,True,model_b_only
ISIC_0033100,5,NV,DeiT-Tiny,5,NV,True,Swin-Tiny,2,BKL,False,model_a_only
ISIC_0033104,5,NV,DeiT-Tiny,5,NV,True,Swin-Tiny,5,NV,True,both_correct
ISIC_0033109,5,NV,DeiT-Tiny,4,MEL,False,Swin-Tiny,5,NV,True,model_b_only
ISIC_0033148,5,NV,DeiT-Tiny,5,NV,True,Swin-Tiny,5,NV,True,both_correct
ISIC_0033189,5,NV,DeiT-Tiny,5,NV,True,Swin-Tiny,5,NV,True,both_correct
ISIC_0033191,5,NV,DeiT-Tiny,5,NV,True,Swin-Tiny,5,NV,True,both_correct
ISIC_0033226,4,MEL,DeiT-Tiny,4,MEL,True,Swin-Tiny,4,MEL,True,both_correct
ISIC_0033233,5,NV,DeiT-Tiny,5,NV,True,Swin-Tiny,5,NV,True,both_correct
ISIC_0033277,5,NV,DeiT-Tiny,5,NV,True,Swin-Tiny,5,NV,True,both_correct
ISIC_0033292,5,NV,DeiT-Tiny,5,NV,True,Swin-Tiny,5,NV,True,both_correct
ISIC_0033339,5,NV,DeiT-Tiny,5,NV,True,Swin-Tiny,2,BKL,False,model_a_only
ISIC_0033379,2,BKL,DeiT-Tiny,2,BKL,True,Swin-Tiny,2,BKL,True,both_correct
ISIC_0033384,5,NV,DeiT-Tiny,5,NV,True,Swin-Tiny,5,NV,True,both_correct
ISIC_0033417,5,NV,DeiT-Tiny,5,NV,True,Swin-Tiny,5,NV,True,both_correct
ISIC_0033438,2,BKL,DeiT-Tiny,2,BKL,True,Swin-Tiny,2,BKL,True,both_correct
ISIC_0033462,5,NV,DeiT-Tiny,5,NV,True,Swin-Tiny,5,NV,True,both_correct
ISIC_0033483,1,BCC,DeiT-Tiny,4,MEL,False,Swin-Tiny,4,MEL,False,both_wrong
ISIC_0033507,2,BKL,DeiT-Tiny,2,BKL,True,Swin-Tiny,2,BKL,True,both_correct
ISIC_0033543,5,NV,DeiT-Tiny,5,NV,True,Swin-Tiny,5,NV,True,both_correct
ISIC_0033562,4,MEL,DeiT-Tiny,5,NV,False,Swin-Tiny,4,MEL,True,model_b_only
ISIC_0033567,5,NV,DeiT-Tiny,5,NV,True,Swin-Tiny,5,NV,True,both_correct
ISIC_0033586,4,MEL,DeiT-Tiny,5,NV,False,Swin-Tiny,4,MEL,True,model_b_only
ISIC_0033608,7,VASC,DeiT-Tiny,7,VASC,True,Swin-Tiny,7,VASC,True,both_correct
ISIC_0033610,5,NV,DeiT-Tiny,5,NV,True,Swin-Tiny,2,BKL,False,model_a_only
ISIC_0033611,4,MEL,DeiT-Tiny,4,MEL,True,Swin-Tiny,4,MEL,True,both_correct
ISIC_0033613,2,BKL,DeiT-Tiny,5,NV,False,Swin-Tiny,2,BKL,True,model_b_only
ISIC_0033622,5,NV,DeiT-Tiny,5,NV,True,Swin-Tiny,5,NV,True,both_correct
ISIC_0033647,5,NV,DeiT-Tiny,5,NV,True,Swin-Tiny,5,NV,True,both_correct
ISIC_0033694,5,NV,DeiT-Tiny,5,NV,True,Swin-Tiny,5,NV,True,both_correct
ISIC_0033706,5,NV,DeiT-Tiny,4,MEL,False,Swin-Tiny,5,NV,True,model_b_only
ISIC_0033716,2,BKL,DeiT-Tiny,2,BKL,True,Swin-Tiny,4,MEL,False,model_a_only
ISIC_0033751,5,NV,DeiT-Tiny,5,NV,True,Swin-Tiny,5,NV,True,both_correct
ISIC_0033791,2,BKL,DeiT-Tiny,2,BKL,True,Swin-Tiny,2,BKL,True,both_correct
ISIC_0033829,2,BKL,DeiT-Tiny,2,BKL,True,Swin-Tiny,2,BKL,True,both_correct
ISIC_0033897,5,NV,DeiT-Tiny,5,NV,True,Swin-Tiny,5,NV,True,both_correct
ISIC_0033950,5,NV,DeiT-Tiny,5,NV,True,Swin-Tiny,5,NV,True,both_correct
ISIC_0033969,7,VASC,DeiT-Tiny,7,VASC,True,Swin-Tiny,7,VASC,True,both_correct
ISIC_0033977,4,MEL,DeiT-Tiny,5,NV,False,Swin-Tiny,4,MEL,True,model_b_only
ISIC_0034002,4,MEL,DeiT-Tiny,5,NV,False,Swin-Tiny,4,MEL,True,model_b_only
ISIC_0034011,2,BKL,DeiT-Tiny,4,MEL,False,Swin-Tiny,2,BKL,True,model_b_only
ISIC_0034013,5,NV,DeiT-Tiny,5,NV,True,Swin-Tiny,5,NV,True,both_correct
ISIC_0034014,5,NV,DeiT-Tiny,5,NV,True,Swin-Tiny,5,NV,True,both_correct
ISIC_0034024,2,BKL,DeiT-Tiny,4,MEL,False,Swin-Tiny,2,BKL,True,model_b_only
ISIC_0034128,5,NV,DeiT-Tiny,5,NV,True,Swin-Tiny,5,NV,True,both_correct
ISIC_0034139,5,NV,DeiT-Tiny,5,NV,True,Swin-Tiny,5,NV,True,both_correct
ISIC_0034148,5,NV,DeiT-Tiny,5,NV,True,Swin-Tiny,4,MEL,False,model_a_only
ISIC_0034166,5,NV,DeiT-Tiny,5,NV,True,Swin-Tiny,5,NV,True,both_correct
ISIC_0034184,5,NV,DeiT-Tiny,5,NV,True,Swin-Tiny,5,NV,True,both_correct
ISIC_0034185,5,NV,DeiT-Tiny,5,NV,True,Swin-Tiny,5,NV,True,both_correct
ISIC_0034201,2,BKL,DeiT-Tiny,5,NV,False,Swin-Tiny,2,BKL,True,model_b_only
ISIC_0034241,5,NV,DeiT-Tiny,5,NV,True,Swin-Tiny,4,MEL,False,model_a_only
ISIC_0034252,2,BKL,DeiT-Tiny,2,BKL,True,Swin-Tiny,2,BKL,True,both_correct
ISIC_0034260,5,NV,DeiT-Tiny,5,NV,True,Swin-Tiny,5,NV,True,both_correct
ISIC_0053470,4,MEL,DeiT-Tiny,4,MEL,True,Swin-Tiny,4,MEL,True,both_correct
ISIC_0053532,5,NV,DeiT-Tiny,4,MEL,False,Swin-Tiny,5,NV,True,model_b_only
ISIC_0053551,5,NV,DeiT-Tiny,5,NV,True,Swin-Tiny,5,NV,True,both_correct
ISIC_0053582,4,MEL,DeiT-Tiny,4,MEL,True,Swin-Tiny,4,MEL,True,both_correct
ISIC_0053588,5,NV,DeiT-Tiny,5,NV,True,Swin-Tiny,5,NV,True,both_correct
ISIC_0053599,1,BCC,DeiT-Tiny,1,BCC,True,Swin-Tiny,4,MEL,False,model_a_only
ISIC_0053660,4,MEL,DeiT-Tiny,2,BKL,False,Swin-Tiny,2,BKL,False,both_wrong
ISIC_0053710,5,NV,DeiT-Tiny,1,BCC,False,Swin-Tiny,1,BCC,False,both_wrong
ISIC_0053725,4,MEL,DeiT-Tiny,4,MEL,True,Swin-Tiny,2,BKL,False,model_a_only
ISIC_0053739,5,NV,DeiT-Tiny,5,NV,True,Swin-Tiny,5,NV,True,both_correct
ISIC_0053758,5,NV,DeiT-Tiny,1,BCC,False,Swin-Tiny,1,BCC,False,both_wrong
ISIC_0053791,4,MEL,DeiT-Tiny,1,BCC,False,Swin-Tiny,1,BCC,False,both_wrong
ISIC_0053812,4,MEL,DeiT-Tiny,5,NV,False,Swin-Tiny,5,NV,False,both_wrong
ISIC_0053813,1,BCC,DeiT-Tiny,1,BCC,True,Swin-Tiny,1,BCC,True,both_correct
ISIC_0053863,1,BCC,DeiT-Tiny,7,VASC,False,Swin-Tiny,7,VASC,False,both_wrong
ISIC_0053871,5,NV,DeiT-Tiny,5,NV,True,Swin-Tiny,5,NV,True,both_correct
ISIC_0053957,1,BCC,DeiT-Tiny,1,BCC,True,Swin-Tiny,1,BCC,True,both_correct
ISIC_0053992,5,NV,DeiT-Tiny,5,NV,True,Swin-Tiny,5,NV,True,both_correct
ISIC_0054006,4,MEL,DeiT-Tiny,4,MEL,True,Swin-Tiny,4,MEL,True,both_correct
ISIC_0054039,5,NV,DeiT-Tiny,5,NV,True,Swin-Tiny,5,NV,True,both_correct
ISIC_0054060,1,BCC,DeiT-Tiny,0,AK,False,Swin-Tiny,0,AK,False,both_wrong
ISIC_0054110,4,MEL,DeiT-Tiny,4,MEL,True,Swin-Tiny,4,MEL,True,both_correct
ISIC_0054163,6,SCC,DeiT-Tiny,1,BCC,False,Swin-Tiny,1,BCC,False,both_wrong
ISIC_0054197,5,NV,DeiT-Tiny,5,NV,True,Swin-Tiny,5,NV,True,both_correct
ISIC_0054234,2,BKL,DeiT-Tiny,2,BKL,True,Swin-Tiny,4,MEL,False,model_a_only
ISIC_0054258,5,NV,DeiT-Tiny,5,NV,True,Swin-Tiny,5,NV,True,both_correct
ISIC_0054302,4,MEL,DeiT-Tiny,4,MEL,True,Swin-Tiny,1,BCC,False,model_a_only
ISIC_0054304,5,NV,DeiT-Tiny,1,BCC,False,Swin-Tiny,1,BCC,False,both_wrong
ISIC_0054329,4,MEL,DeiT-Tiny,0,AK,False,Swin-Tiny,4,MEL,True,model_b_only
ISIC_0054341,4,MEL,DeiT-Tiny,4,MEL,True,Swin-Tiny,4,MEL,True,both_correct
ISIC_0054370,1,BCC,DeiT-Tiny,4,MEL,False,Swin-Tiny,2,BKL,False,both_wrong
ISIC_0054381,5,NV,DeiT-Tiny,4,MEL,False,Swin-Tiny,4,MEL,False,both_wrong
ISIC_0054442,5,NV,DeiT-Tiny,5,NV,True,Swin-Tiny,5,NV,True,both_correct
ISIC_0054446,5,NV,DeiT-Tiny,5,NV,True,Swin-Tiny,5,NV,True,both_correct
ISIC_0054451,1,BCC,DeiT-Tiny,0,AK,False,Swin-Tiny,0,AK,False,both_wrong
ISIC_0054464,4,MEL,DeiT-Tiny,2,BKL,False,Swin-Tiny,2,BKL,False,both_wrong
ISIC_0054483,5,NV,DeiT-Tiny,1,BCC,False,Swin-Tiny,7,VASC,False,both_wrong
ISIC_0054587,5,NV,DeiT-Tiny,1,BCC,False,Swin-Tiny,5,NV,True,model_b_only
ISIC_0054600,5,NV,DeiT-Tiny,2,BKL,False,Swin-Tiny,5,NV,True,model_b_only
ISIC_0054615,1,BCC,DeiT-Tiny,1,BCC,True,Swin-Tiny,1,BCC,True,both_correct
ISIC_0054622,5,NV,DeiT-Tiny,5,NV,True,Swin-Tiny,5,NV,True,both_correct
ISIC_0054674,1,BCC,DeiT-Tiny,1,BCC,True,Swin-Tiny,1,BCC,True,both_correct
ISIC_0054687,0,AK,DeiT-Tiny,1,BCC,False,Swin-Tiny,1,BCC,False,both_wrong
ISIC_0054711,5,NV,DeiT-Tiny,5,NV,True,Swin-Tiny,5,NV,True,both_correct
ISIC_0054722,1,BCC,DeiT-Tiny,1,BCC,True,Swin-Tiny,1,BCC,True,both_correct
ISIC_0054732,5,NV,DeiT-Tiny,4,MEL,False,Swin-Tiny,4,MEL,False,both_wrong
ISIC_0054767,4,MEL,DeiT-Tiny,5,NV,False,Swin-Tiny,5,NV,False,both_wrong
ISIC_0054799,1,BCC,DeiT-Tiny,1,BCC,True,Swin-Tiny,2,BKL,False,model_a_only
ISIC_0054845,1,BCC,DeiT-Tiny,5,NV,False,Swin-Tiny,5,NV,False,both_wrong
ISIC_0054865,5,NV,DeiT-Tiny,2,BKL,False,Swin-Tiny,4,MEL,False,both_wrong
ISIC_0054878,0,AK,DeiT-Tiny,5,NV,False,Swin-Tiny,5,NV,False,both_wrong
ISIC_0054879,2,BKL,DeiT-Tiny,2,BKL,True,Swin-Tiny,2,BKL,True,both_correct
ISIC_0054904,4,MEL,DeiT-Tiny,2,BKL,False,Swin-Tiny,4,MEL,True,model_b_only
ISIC_0055010,1,BCC,DeiT-Tiny,1,BCC,True,Swin-Tiny,1,BCC,True,both_correct
ISIC_0055022,4,MEL,DeiT-Tiny,4,MEL,True,Swin-Tiny,4,MEL,True,both_correct
ISIC_0055053,5,NV,DeiT-Tiny,2,BKL,False,Swin-Tiny,5,NV,True,model_b_only
ISIC_0055059,1,BCC,DeiT-Tiny,1,BCC,True,Swin-Tiny,1,BCC,True,both_correct
ISIC_0055090,5,NV,DeiT-Tiny,5,NV,True,Swin-Tiny,5,NV,True,both_correct
ISIC_0055131,6,SCC,DeiT-Tiny,1,BCC,False,Swin-Tiny,4,MEL,False,both_wrong
ISIC_0055159,0,AK,DeiT-Tiny,4,MEL,False,Swin-Tiny,6,SCC,False,both_wrong
ISIC_0055187,5,NV,DeiT-Tiny,5,NV,True,Swin-Tiny,4,MEL,False,model_a_only
ISIC_0055245,1,BCC,DeiT-Tiny,1,BCC,True,Swin-Tiny,1,BCC,True,both_correct
ISIC_0055275,1,BCC,DeiT-Tiny,1,BCC,True,Swin-Tiny,1,BCC,True,both_correct
ISIC_0055290,5,NV,DeiT-Tiny,5,NV,True,Swin-Tiny,5,NV,True,both_correct
ISIC_0055361,4,MEL,DeiT-Tiny,4,MEL,True,Swin-Tiny,4,MEL,True,both_correct
ISIC_0055400,0,AK,DeiT-Tiny,4,MEL,False,Swin-Tiny,4,MEL,False,both_wrong
ISIC_0055414,5,NV,DeiT-Tiny,4,MEL,False,Swin-Tiny,5,NV,True,model_b_only
ISIC_0055418,1,BCC,DeiT-Tiny,7,VASC,False,Swin-Tiny,7,VASC,False,both_wrong
ISIC_0055455,1,BCC,DeiT-Tiny,4,MEL,False,Swin-Tiny,4,MEL,False,both_wrong
ISIC_0055463,5,NV,DeiT-Tiny,4,MEL,False,Swin-Tiny,4,MEL,False,both_wrong
ISIC_0055472,2,BKL,DeiT-Tiny,6,SCC,False,Swin-Tiny,6,SCC,False,both_wrong
ISIC_0055473,2,BKL,DeiT-Tiny,2,BKL,True,Swin-Tiny,2,BKL,True,both_correct
ISIC_0055527,4,MEL,DeiT-Tiny,4,MEL,True,Swin-Tiny,4,MEL,True,both_correct
ISIC_0055643,4,MEL,DeiT-Tiny,5,NV,False,Swin-Tiny,5,NV,False,both_wrong
ISIC_0055727,5,NV,DeiT-Tiny,5,NV,True,Swin-Tiny,5,NV,True,both_correct
ISIC_0055815,6,SCC,DeiT-Tiny,4,MEL,False,Swin-Tiny,1,BCC,False,both_wrong
ISIC_0055856,5,NV,DeiT-Tiny,5,NV,True,Swin-Tiny,5,NV,True,both_correct
ISIC_0055894,2,BKL,DeiT-Tiny,5,NV,False,Swin-Tiny,2,BKL,True,model_b_only
ISIC_0055913,1,BCC,DeiT-Tiny,1,BCC,True,Swin-Tiny,1,BCC,True,both_correct
ISIC_0056017,4,MEL,DeiT-Tiny,4,MEL,True,Swin-Tiny,5,NV,False,model_a_only
ISIC_0056022,5,NV,DeiT-Tiny,4,MEL,False,Swin-Tiny,5,NV,True,model_b_only
ISIC_0056035,5,NV,DeiT-Tiny,5,NV,True,Swin-Tiny,4,MEL,False,model_a_only
ISIC_0056055,5,NV,DeiT-Tiny,5,NV,True,Swin-Tiny,5,NV,True,both_correct
ISIC_0056189,1,BCC,DeiT-Tiny,1,BCC,True,Swin-Tiny,1,BCC,True,both_correct
ISIC_0056190,4,MEL,DeiT-Tiny,4,MEL,True,Swin-Tiny,4,MEL,True,both_correct
ISIC_0056209,4,MEL,DeiT-Tiny,4,MEL,True,Swin-Tiny,4,MEL,True,both_correct
ISIC_0056214,4,MEL,DeiT-Tiny,4,MEL,True,Swin-Tiny,4,MEL,True,both_correct
ISIC_0056255,1,BCC,DeiT-Tiny,1,BCC,True,Swin-Tiny,1,BCC,True,both_correct
ISIC_0056269,4,MEL,DeiT-Tiny,1,BCC,False,Swin-Tiny,4,MEL,True,model_b_only
ISIC_0056288,5,NV,DeiT-Tiny,5,NV,True,Swin-Tiny,5,NV,True,both_correct
ISIC_0056317,1,BCC,DeiT-Tiny,1,BCC,True,Swin-Tiny,1,BCC,True,both_correct
ISIC_0056330,4,MEL,DeiT-Tiny,2,BKL,False,Swin-Tiny,4,MEL,True,model_b_only
ISIC_0056340,5,NV,DeiT-Tiny,5,NV,True,Swin-Tiny,5,NV,True,both_correct
ISIC_0056359,5,NV,DeiT-Tiny,5,NV,True,Swin-Tiny,5,NV,True,both_correct
ISIC_0056531,4,MEL,DeiT-Tiny,2,BKL,False,Swin-Tiny,2,BKL,False,both_wrong
ISIC_0056575,5,NV,DeiT-Tiny,4,MEL,False,Swin-Tiny,4,MEL,False,both_wrong
ISIC_0056579,5,NV,DeiT-Tiny,5,NV,True,Swin-Tiny,5,NV,True,both_correct
ISIC_0056629,6,SCC,DeiT-Tiny,7,VASC,False,Swin-Tiny,1,BCC,False,both_wrong
ISIC_0056631,1,BCC,DeiT-Tiny,2,BKL,False,Swin-Tiny,5,NV,False,both_wrong
ISIC_0056665,6,SCC,DeiT-Tiny,2,BKL,False,Swin-Tiny,6,SCC,True,model_b_only
ISIC_0056720,5,NV,DeiT-Tiny,5,NV,True,Swin-Tiny,5,NV,True,both_correct
ISIC_0056728,4,MEL,DeiT-Tiny,4,MEL,True,Swin-Tiny,4,MEL,True,both_correct
ISIC_0056732,2,BKL,DeiT-Tiny,2,BKL,True,Swin-Tiny,2,BKL,True,both_correct
ISIC_0056769,2,BKL,DeiT-Tiny,2,BKL,True,Swin-Tiny,2,BKL,True,both_correct
ISIC_0056788,4,MEL,DeiT-Tiny,4,MEL,True,Swin-Tiny,4,MEL,True,both_correct
ISIC_0056916,1,BCC,DeiT-Tiny,1,BCC,True,Swin-Tiny,1,BCC,True,both_correct
ISIC_0056918,1,BCC,DeiT-Tiny,1,BCC,True,Swin-Tiny,1,BCC,True,both_correct
ISIC_0056956,6,SCC,DeiT-Tiny,7,VASC,False,Swin-Tiny,4,MEL,False,both_wrong
ISIC_0056967,4,MEL,DeiT-Tiny,4,MEL,True,Swin-Tiny,4,MEL,True,both_correct
ISIC_0057055,5,NV,DeiT-Tiny,1,BCC,False,Swin-Tiny,4,MEL,False,both_wrong
ISIC_0057058,1,BCC,DeiT-Tiny,1,BCC,True,Swin-Tiny,1,BCC,True,both_correct
ISIC_0057088,1,BCC,DeiT-Tiny,1,BCC,True,Swin-Tiny,1,BCC,True,both_correct
ISIC_0057127,2,BKL,DeiT-Tiny,2,BKL,True,Swin-Tiny,2,BKL,True,both_correct
ISIC_0057145,0,AK,DeiT-Tiny,0,AK,True,Swin-Tiny,0,AK,True,both_correct
ISIC_0057168,1,BCC,DeiT-Tiny,1,BCC,True,Swin-Tiny,1,BCC,True,both_correct
ISIC_0057169,4,MEL,DeiT-Tiny,5,NV,False,Swin-Tiny,1,BCC,False,both_wrong
ISIC_0057242,1,BCC,DeiT-Tiny,2,BKL,False,Swin-Tiny,7,VASC,False,both_wrong
ISIC_0057286,4,MEL,DeiT-Tiny,4,MEL,True,Swin-Tiny,4,MEL,True,both_correct
ISIC_0057354,5,NV,DeiT-Tiny,5,NV,True,Swin-Tiny,5,NV,True,both_correct
ISIC_0057359,1,BCC,DeiT-Tiny,1,BCC,True,Swin-Tiny,1,BCC,True,both_correct
ISIC_0057369,4,MEL,DeiT-Tiny,1,BCC,False,Swin-Tiny,4,MEL,True,model_b_only
ISIC_0057395,4,MEL,DeiT-Tiny,4,MEL,True,Swin-Tiny,5,NV,False,model_a_only
ISIC_0057396,5,NV,DeiT-Tiny,2,BKL,False,Swin-Tiny,5,NV,True,model_b_only
ISIC_0057475,5,NV,DeiT-Tiny,5,NV,True,Swin-Tiny,5,NV,True,both_correct
ISIC_0057574,1,BCC,DeiT-Tiny,1,BCC,True,Swin-Tiny,1,BCC,True,both_correct
ISIC_0057592,1,BCC,DeiT-Tiny,5,NV,False,Swin-Tiny,1,BCC,True,model_b_only
ISIC_0057672,4,MEL,DeiT-Tiny,4,MEL,True,Swin-Tiny,4,MEL,True,both_correct
ISIC_0057675,6,SCC,DeiT-Tiny,6,SCC,True,Swin-Tiny,1,BCC,False,model_a_only
ISIC_0057727,4,MEL,DeiT-Tiny,4,MEL,True,Swin-Tiny,4,MEL,True,both_correct
ISIC_0057747,4,MEL,DeiT-Tiny,4,MEL,True,Swin-Tiny,4,MEL,True,both_correct
ISIC_0057770,6,SCC,DeiT-Tiny,2,BKL,False,Swin-Tiny,2,BKL,False,both_wrong
ISIC_0057782,4,MEL,DeiT-Tiny,0,AK,False,Swin-Tiny,2,BKL,False,both_wrong
ISIC_0057784,5,NV,DeiT-Tiny,5,NV,True,Swin-Tiny,5,NV,True,both_correct
ISIC_0057801,1,BCC,DeiT-Tiny,1,BCC,True,Swin-Tiny,1,BCC,True,both_correct
ISIC_0057872,5,NV,DeiT-Tiny,5,NV,True,Swin-Tiny,5,NV,True,both_correct
ISIC_0057887,5,NV,DeiT-Tiny,5,NV,True,Swin-Tiny,5,NV,True,both_correct
ISIC_0057963,4,MEL,DeiT-Tiny,4,MEL,True,Swin-Tiny,4,MEL,True,both_correct
ISIC_0057999,4,MEL,DeiT-Tiny,4,MEL,True,Swin-Tiny,5,NV,False,model_a_only
ISIC_0058000,4,MEL,DeiT-Tiny,1,BCC,False,Swin-Tiny,1,BCC,False,both_wrong
ISIC_0058026,6,SCC,DeiT-Tiny,1,BCC,False,Swin-Tiny,5,NV,False,both_wrong
ISIC_0058056,2,BKL,DeiT-Tiny,2,BKL,True,Swin-Tiny,4,MEL,False,model_a_only
ISIC_0058085,5,NV,DeiT-Tiny,5,NV,True,Swin-Tiny,5,NV,True,both_correct
ISIC_0058090,5,NV,DeiT-Tiny,5,NV,True,Swin-Tiny,5,NV,True,both_correct
ISIC_0058132,5,NV,DeiT-Tiny,5,NV,True,Swin-Tiny,5,NV,True,both_correct
ISIC_0058156,5,NV,DeiT-Tiny,5,NV,True,Swin-Tiny,1,BCC,False,model_a_only
ISIC_0058188,1,BCC,DeiT-Tiny,1,BCC,True,Swin-Tiny,1,BCC,True,both_correct
ISIC_0058210,5,NV,DeiT-Tiny,5,NV,True,Swin-Tiny,5,NV,True,both_correct
ISIC_0058220,1,BCC,DeiT-Tiny,1,BCC,True,Swin-Tiny,5,NV,False,model_a_only
ISIC_0058240,1,BCC,DeiT-Tiny,1,BCC,True,Swin-Tiny,1,BCC,True,both_correct
ISIC_0058249,4,MEL,DeiT-Tiny,4,MEL,True,Swin-Tiny,4,MEL,True,both_correct
ISIC_0058310,1,BCC,DeiT-Tiny,1,BCC,True,Swin-Tiny,5,NV,False,model_a_only
ISIC_0058320,0,AK,DeiT-Tiny,6,SCC,False,Swin-Tiny,6,SCC,False,both_wrong
ISIC_0058338,5,NV,DeiT-Tiny,5,NV,True,Swin-Tiny,5,NV,True,both_correct
ISIC_0058376,4,MEL,DeiT-Tiny,2,BKL,False,Swin-Tiny,2,BKL,False,both_wrong
ISIC_0058380,4,MEL,DeiT-Tiny,1,BCC,False,Swin-Tiny,7,VASC,False,both_wrong
ISIC_0058393,1,BCC,DeiT-Tiny,1,BCC,True,Swin-Tiny,1,BCC,True,both_correct
ISIC_0058443,0,AK,DeiT-Tiny,0,AK,True,Swin-Tiny,0,AK,True,both_correct
ISIC_0058448,4,MEL,DeiT-Tiny,4,MEL,True,Swin-Tiny,4,MEL,True,both_correct
ISIC_0058463,1,BCC,DeiT-Tiny,0,AK,False,Swin-Tiny,1,BCC,True,model_b_only
ISIC_0058472,1,BCC,DeiT-Tiny,1,BCC,True,Swin-Tiny,1,BCC,True,both_correct
ISIC_0058506,0,AK,DeiT-Tiny,2,BKL,False,Swin-Tiny,2,BKL,False,both_wrong
ISIC_0058546,5,NV,DeiT-Tiny,4,MEL,False,Swin-Tiny,5,NV,True,model_b_only
ISIC_0058586,5,NV,DeiT-Tiny,2,BKL,False,Swin-Tiny,0,AK,False,both_wrong
ISIC_0058600,5,NV,DeiT-Tiny,5,NV,True,Swin-Tiny,3,DF,False,model_a_only
ISIC_0058651,1,BCC,DeiT-Tiny,5,NV,False,Swin-Tiny,1,BCC,True,model_b_only
ISIC_0058699,1,BCC,DeiT-Tiny,1,BCC,True,Swin-Tiny,1,BCC,True,both_correct
ISIC_0058787,1,BCC,DeiT-Tiny,1,BCC,True,Swin-Tiny,5,NV,False,model_a_only
ISIC_0058803,5,NV,DeiT-Tiny,5,NV,True,Swin-Tiny,5,NV,True,both_correct
ISIC_0058832,1,BCC,DeiT-Tiny,1,BCC,True,Swin-Tiny,1,BCC,True,both_correct
ISIC_0058868,1,BCC,DeiT-Tiny,1,BCC,True,Swin-Tiny,0,AK,False,model_a_only
ISIC_0058984,1,BCC,DeiT-Tiny,1,BCC,True,Swin-Tiny,1,BCC,True,both_correct
ISIC_0059046,4,MEL,DeiT-Tiny,4,MEL,True,Swin-Tiny,4,MEL,True,both_correct
ISIC_0059089,4,MEL,DeiT-Tiny,2,BKL,False,Swin-Tiny,2,BKL,False,both_wrong
ISIC_0059108,0,AK,DeiT-Tiny,1,BCC,False,Swin-Tiny,1,BCC,False,both_wrong
ISIC_0059115,1,BCC,DeiT-Tiny,1,BCC,True,Swin-Tiny,1,BCC,True,both_correct
ISIC_0059144,5,NV,DeiT-Tiny,5,NV,True,Swin-Tiny,5,NV,True,both_correct
ISIC_0059216,4,MEL,DeiT-Tiny,4,MEL,True,Swin-Tiny,4,MEL,True,both_correct
ISIC_0059229,4,MEL,DeiT-Tiny,4,MEL,True,Swin-Tiny,4,MEL,True,both_correct
ISIC_0059250,0,AK,DeiT-Tiny,2,BKL,False,Swin-Tiny,1,BCC,False,both_wrong
ISIC_0059254,1,BCC,DeiT-Tiny,1,BCC,True,Swin-Tiny,1,BCC,True,both_correct
ISIC_0059265,3,DF,DeiT-Tiny,1,BCC,False,Swin-Tiny,1,BCC,False,both_wrong
ISIC_0059299,5,NV,DeiT-Tiny,5,NV,True,Swin-Tiny,1,BCC,False,model_a_only
ISIC_0059301,4,MEL,DeiT-Tiny,4,MEL,True,Swin-Tiny,4,MEL,True,both_correct
ISIC_0059353,4,MEL,DeiT-Tiny,4,MEL,True,Swin-Tiny,4,MEL,True,both_correct
ISIC_0059368,5,NV,DeiT-Tiny,5,NV,True,Swin-Tiny,5,NV,True,both_correct
ISIC_0059370,5,NV,DeiT-Tiny,5,NV,True,Swin-Tiny,5,NV,True,both_correct
ISIC_0059408,0,AK,DeiT-Tiny,0,AK,True,Swin-Tiny,0,AK,True,both_correct
ISIC_0059421,4,MEL,DeiT-Tiny,5,NV,False,Swin-Tiny,5,NV,False,both_wrong
ISIC_0059509,1,BCC,DeiT-Tiny,1,BCC,True,Swin-Tiny,1,BCC,True,both_correct
ISIC_0059532,4,MEL,DeiT-Tiny,4,MEL,True,Swin-Tiny,5,NV,False,model_a_only
ISIC_0059536,5,NV,DeiT-Tiny,5,NV,True,Swin-Tiny,5,NV,True,both_correct
ISIC_0059548,1,BCC,DeiT-Tiny,1,BCC,True,Swin-Tiny,1,BCC,True,both_correct
ISIC_0059575,6,SCC,DeiT-Tiny,6,SCC,True,Swin-Tiny,6,SCC,True,both_correct
ISIC_0059604,5,NV,DeiT-Tiny,5,NV,True,Swin-Tiny,5,NV,True,both_correct
ISIC_0059613,2,BKL,DeiT-Tiny,2,BKL,True,Swin-Tiny,2,BKL,True,both_correct
ISIC_0059616,2,BKL,DeiT-Tiny,4,MEL,False,Swin-Tiny,4,MEL,False,both_wrong
ISIC_0059617,1,BCC,DeiT-Tiny,4,MEL,False,Swin-Tiny,4,MEL,False,both_wrong
ISIC_0059659,5,NV,DeiT-Tiny,4,MEL,False,Swin-Tiny,4,MEL,False,both_wrong
ISIC_0059681,5,NV,DeiT-Tiny,5,NV,True,Swin-Tiny,5,NV,True,both_correct
ISIC_0059705,5,NV,DeiT-Tiny,5,NV,True,Swin-Tiny,5,NV,True,both_correct
ISIC_0059730,1,BCC,DeiT-Tiny,1,BCC,True,Swin-Tiny,0,AK,False,model_a_only
ISIC_0059772,5,NV,DeiT-Tiny,5,NV,True,Swin-Tiny,4,MEL,False,model_a_only
ISIC_0059805,5,NV,DeiT-Tiny,5,NV,True,Swin-Tiny,5,NV,True,both_correct
ISIC_0059810,4,MEL,DeiT-Tiny,4,MEL,True,Swin-Tiny,4,MEL,True,both_correct
ISIC_0059811,1,BCC,DeiT-Tiny,1,BCC,True,Swin-Tiny,1,BCC,True,both_correct
ISIC_0059824,5,NV,DeiT-Tiny,5,NV,True,Swin-Tiny,5,NV,True,both_correct
ISIC_0059870,5,NV,DeiT-Tiny,5,NV,True,Swin-Tiny,4,MEL,False,model_a_only
ISIC_0059882,1,BCC,DeiT-Tiny,1,BCC,True,Swin-Tiny,5,NV,False,model_a_only
ISIC_0059944,5,NV,DeiT-Tiny,5,NV,True,Swin-Tiny,5,NV,True,both_correct
ISIC_0059964,5,NV,DeiT-Tiny,5,NV,True,Swin-Tiny,5,NV,True,both_correct
ISIC_0060041,0,AK,DeiT-Tiny,2,BKL,False,Swin-Tiny,6,SCC,False,both_wrong
ISIC_0060079,1,BCC,DeiT-Tiny,1,BCC,True,Swin-Tiny,1,BCC,True,both_correct
ISIC_0060097,5,NV,DeiT-Tiny,5,NV,True,Swin-Tiny,4,MEL,False,model_a_only
ISIC_0060132,4,MEL,DeiT-Tiny,4,MEL,True,Swin-Tiny,4,MEL,True,both_correct
ISIC_0060171,5,NV,DeiT-Tiny,5,NV,True,Swin-Tiny,5,NV,True,both_correct
ISIC_0060186,5,NV,DeiT-Tiny,5,NV,True,Swin-Tiny,5,NV,True,both_correct
ISIC_0060209,1,BCC,DeiT-Tiny,4,MEL,False,Swin-Tiny,1,BCC,True,model_b_only
ISIC_0060254,1,BCC,DeiT-Tiny,1,BCC,True,Swin-Tiny,1,BCC,True,both_correct
ISIC_0060274,1,BCC,DeiT-Tiny,1,BCC,True,Swin-Tiny,1,BCC,True,both_correct
ISIC_0060276,5,NV,DeiT-Tiny,5,NV,True,Swin-Tiny,5,NV,True,both_correct
ISIC_0060279,5,NV,DeiT-Tiny,4,MEL,False,Swin-Tiny,5,NV,True,model_b_only
ISIC_0060319,4,MEL,DeiT-Tiny,4,MEL,True,Swin-Tiny,4,MEL,True,both_correct
ISIC_0060325,5,NV,DeiT-Tiny,2,BKL,False,Swin-Tiny,5,NV,True,model_b_only
ISIC_0060331,6,SCC,DeiT-Tiny,0,AK,False,Swin-Tiny,0,AK,False,both_wrong
ISIC_0060353,6,SCC,DeiT-Tiny,1,BCC,False,Swin-Tiny,2,BKL,False,both_wrong
ISIC_0060376,4,MEL,DeiT-Tiny,4,MEL,True,Swin-Tiny,4,MEL,True,both_correct
ISIC_0060403,4,MEL,DeiT-Tiny,5,NV,False,Swin-Tiny,1,BCC,False,both_wrong
ISIC_0060480,0,AK,DeiT-Tiny,5,NV,False,Swin-Tiny,2,BKL,False,both_wrong
ISIC_0060629,4,MEL,DeiT-Tiny,4,MEL,True,Swin-Tiny,4,MEL,True,both_correct
ISIC_0060668,5,NV,DeiT-Tiny,4,MEL,False,Swin-Tiny,5,NV,True,model_b_only
ISIC_0060684,1,BCC,DeiT-Tiny,1,BCC,True,Swin-Tiny,1,BCC,True,both_correct
ISIC_0060703,4,MEL,DeiT-Tiny,1,BCC,False,Swin-Tiny,4,MEL,True,model_b_only
ISIC_0060817,4,MEL,DeiT-Tiny,4,MEL,True,Swin-Tiny,4,MEL,True,both_correct
ISIC_0060835,5,NV,DeiT-Tiny,5,NV,True,Swin-Tiny,5,NV,True,both_correct
ISIC_0060842,1,BCC,DeiT-Tiny,1,BCC,True,Swin-Tiny,1,BCC,True,both_correct
ISIC_0060875,2,BKL,DeiT-Tiny,2,BKL,True,Swin-Tiny,2,BKL,True,both_correct
ISIC_0060927,1,BCC,DeiT-Tiny,1,BCC,True,Swin-Tiny,0,AK,False,model_a_only
ISIC_0060947,1,BCC,DeiT-Tiny,2,BKL,False,Swin-Tiny,0,AK,False,both_wrong
ISIC_0060992,5,NV,DeiT-Tiny,5,NV,True,Swin-Tiny,5,NV,True,both_correct
ISIC_0061044,0,AK,DeiT-Tiny,6,SCC,False,Swin-Tiny,0,AK,True,model_b_only
ISIC_0061114,2,BKL,DeiT-Tiny,2,BKL,True,Swin-Tiny,2,BKL,True,both_correct
ISIC_0061163,4,MEL,DeiT-Tiny,4,MEL,True,Swin-Tiny,1,BCC,False,model_a_only
ISIC_0061169,5,NV,DeiT-Tiny,4,MEL,False,Swin-Tiny,4,MEL,False,both_wrong
ISIC_0061180,5,NV,DeiT-Tiny,5,NV,True,Swin-Tiny,5,NV,True,both_correct
ISIC_0061183,4,MEL,DeiT-Tiny,4,MEL,True,Swin-Tiny,4,MEL,True,both_correct
ISIC_0061234,1,BCC,DeiT-Tiny,7,VASC,False,Swin-Tiny,7,VASC,False,both_wrong
ISIC_0061244,4,MEL,DeiT-Tiny,5,NV,False,Swin-Tiny,4,MEL,True,model_b_only
ISIC_0061266,5,NV,DeiT-Tiny,5,NV,True,Swin-Tiny,5,NV,True,both_correct
ISIC_0061294,0,AK,DeiT-Tiny,0,AK,True,Swin-Tiny,0,AK,True,both_correct
ISIC_0061322,6,SCC,DeiT-Tiny,4,MEL,False,Swin-Tiny,0,AK,False,both_wrong
ISIC_0061352,5,NV,DeiT-Tiny,1,BCC,False,Swin-Tiny,3,DF,False,both_wrong
ISIC_0061395,5,NV,DeiT-Tiny,5,NV,True,Swin-Tiny,5,NV,True,both_correct
ISIC_0061402,1,BCC,DeiT-Tiny,1,BCC,True,Swin-Tiny,1,BCC,True,both_correct
ISIC_0061429,5,NV,DeiT-Tiny,5,NV,True,Swin-Tiny,5,NV,True,both_correct
ISIC_0061497,1,BCC,DeiT-Tiny,1,BCC,True,Swin-Tiny,7,VASC,False,model_a_only
ISIC_0061574,5,NV,DeiT-Tiny,5,NV,True,Swin-Tiny,5,NV,True,both_correct
ISIC_0061595,4,MEL,DeiT-Tiny,4,MEL,True,Swin-Tiny,4,MEL,True,both_correct
ISIC_0061636,4,MEL,DeiT-Tiny,4,MEL,True,Swin-Tiny,4,MEL,True,both_correct
ISIC_0061646,2,BKL,DeiT-Tiny,4,MEL,False,Swin-Tiny,4,MEL,False,both_wrong
ISIC_0061651,5,NV,DeiT-Tiny,4,MEL,False,Swin-Tiny,5,NV,True,model_b_only
ISIC_0061679,2,BKL,DeiT-Tiny,1,BCC,False,Swin-Tiny,4,MEL,False,both_wrong
ISIC_0061705,4,MEL,DeiT-Tiny,5,NV,False,Swin-Tiny,5,NV,False,both_wrong
ISIC_0061710,4,MEL,DeiT-Tiny,4,MEL,True,Swin-Tiny,4,MEL,True,both_correct
ISIC_0061716,5,NV,DeiT-Tiny,5,NV,True,Swin-Tiny,5,NV,True,both_correct
ISIC_0061756,4,MEL,DeiT-Tiny,4,MEL,True,Swin-Tiny,4,MEL,True,both_correct
ISIC_0061761,4,MEL,DeiT-Tiny,4,MEL,True,Swin-Tiny,1,BCC,False,model_a_only
ISIC_0061807,5,NV,DeiT-Tiny,5,NV,True,Swin-Tiny,5,NV,True,both_correct
ISIC_0061830,6,SCC,DeiT-Tiny,5,NV,False,Swin-Tiny,1,BCC,False,both_wrong
ISIC_0061847,5,NV,DeiT-Tiny,5,NV,True,Swin-Tiny,4,MEL,False,model_a_only
ISIC_0061909,1,BCC,DeiT-Tiny,1,BCC,True,Swin-Tiny,1,BCC,True,both_correct
ISIC_0061913,5,NV,DeiT-Tiny,5,NV,True,Swin-Tiny,4,MEL,False,model_a_only
ISIC_0061959,3,DF,DeiT-Tiny,3,DF,True,Swin-Tiny,1,BCC,False,model_a_only
ISIC_0061996,5,NV,DeiT-Tiny,5,NV,True,Swin-Tiny,5,NV,True,both_correct
ISIC_0061997,4,MEL,DeiT-Tiny,4,MEL,True,Swin-Tiny,4,MEL,True,both_correct
ISIC_0062036,0,AK,DeiT-Tiny,2,BKL,False,Swin-Tiny,0,AK,True,model_b_only
ISIC_0062049,5,NV,DeiT-Tiny,5,NV,True,Swin-Tiny,3,DF,False,model_a_only
ISIC_0062063,4,MEL,DeiT-Tiny,4,MEL,True,Swin-Tiny,4,MEL,True,both_correct
ISIC_0062087,4,MEL,DeiT-Tiny,0,AK,False,Swin-Tiny,4,MEL,True,model_b_only
ISIC_0062098,4,MEL,DeiT-Tiny,4,MEL,True,Swin-Tiny,0,AK,False,model_a_only
ISIC_0062120,5,NV,DeiT-Tiny,5,NV,True,Swin-Tiny,0,AK,False,model_a_only
ISIC_0062128,5,NV,DeiT-Tiny,5,NV,True,Swin-Tiny,5,NV,True,both_correct
ISIC_0062137,5,NV,DeiT-Tiny,2,BKL,False,Swin-Tiny,5,NV,True,model_b_only
ISIC_0062142,5,NV,DeiT-Tiny,4,MEL,False,Swin-Tiny,4,MEL,False,both_wrong
ISIC_0062197,5,NV,DeiT-Tiny,5,NV,True,Swin-Tiny,5,NV,True,both_correct
ISIC_0062221,5,NV,DeiT-Tiny,5,NV,True,Swin-Tiny,5,NV,True,both_correct
ISIC_0062236,1,BCC,DeiT-Tiny,1,BCC,True,Swin-Tiny,1,BCC,True,both_correct
ISIC_0062240,1,BCC,DeiT-Tiny,1,BCC,True,Swin-Tiny,1,BCC,True,both_correct
ISIC_0062331,5,NV,DeiT-Tiny,5,NV,True,Swin-Tiny,5,NV,True,both_correct
ISIC_0062404,5,NV,DeiT-Tiny,4,MEL,False,Swin-Tiny,5,NV,True,model_b_only
ISIC_0062430,5,NV,DeiT-Tiny,5,NV,True,Swin-Tiny,4,MEL,False,model_a_only
ISIC_0062451,1,BCC,DeiT-Tiny,2,BKL,False,Swin-Tiny,1,BCC,True,model_b_only
ISIC_0062548,5,NV,DeiT-Tiny,5,NV,True,Swin-Tiny,5,NV,True,both_correct
ISIC_0062559,4,MEL,DeiT-Tiny,5,NV,False,Swin-Tiny,4,MEL,True,model_b_only
ISIC_0062561,2,BKL,DeiT-Tiny,4,MEL,False,Swin-Tiny,4,MEL,False,both_wrong
ISIC_0062615,1,BCC,DeiT-Tiny,1,BCC,True,Swin-Tiny,1,BCC,True,both_correct
ISIC_0062677,5,NV,DeiT-Tiny,5,NV,True,Swin-Tiny,5,NV,True,both_correct
ISIC_0062679,5,NV,DeiT-Tiny,5,NV,True,Swin-Tiny,5,NV,True,both_correct
ISIC_0062682,1,BCC,DeiT-Tiny,1,BCC,True,Swin-Tiny,3,DF,False,model_a_only
ISIC_0062688,4,MEL,DeiT-Tiny,0,AK,False,Swin-Tiny,2,BKL,False,both_wrong
ISIC_0062715,5,NV,DeiT-Tiny,5,NV,True,Swin-Tiny,5,NV,True,both_correct
ISIC_0062750,5,NV,DeiT-Tiny,5,NV,True,Swin-Tiny,5,NV,True,both_correct
ISIC_0062843,1,BCC,DeiT-Tiny,1,BCC,True,Swin-Tiny,1,BCC,True,both_correct
ISIC_0062892,5,NV,DeiT-Tiny,5,NV,True,Swin-Tiny,4,MEL,False,model_a_only
ISIC_0062983,4,MEL,DeiT-Tiny,4,MEL,True,Swin-Tiny,4,MEL,True,both_correct
ISIC_0063001,2,BKL,DeiT-Tiny,2,BKL,True,Swin-Tiny,2,BKL,True,both_correct
ISIC_0063040,5,NV,DeiT-Tiny,5,NV,True,Swin-Tiny,5,NV,True,both_correct
ISIC_0063097,1,BCC,DeiT-Tiny,1,BCC,True,Swin-Tiny,1,BCC,True,both_correct
ISIC_0063109,4,MEL,DeiT-Tiny,4,MEL,True,Swin-Tiny,4,MEL,True,both_correct
ISIC_0063212,5,NV,DeiT-Tiny,5,NV,True,Swin-Tiny,5,NV,True,both_correct
ISIC_0063269,1,BCC,DeiT-Tiny,1,BCC,True,Swin-Tiny,5,NV,False,model_a_only
ISIC_0063373,4,MEL,DeiT-Tiny,4,MEL,True,Swin-Tiny,1,BCC,False,model_a_only
ISIC_0063377,5,NV,DeiT-Tiny,4,MEL,False,Swin-Tiny,5,NV,True,model_b_only
ISIC_0063492,4,MEL,DeiT-Tiny,4,MEL,True,Swin-Tiny,4,MEL,True,both_correct
ISIC_0063495,5,NV,DeiT-Tiny,5,NV,True,Swin-Tiny,2,BKL,False,model_a_only
ISIC_0063518,5,NV,DeiT-Tiny,5,NV,True,Swin-Tiny,5,NV,True,both_correct
ISIC_0063542,2,BKL,DeiT-Tiny,4,MEL,False,Swin-Tiny,4,MEL,False,both_wrong
ISIC_0063603,5,NV,DeiT-Tiny,5,NV,True,Swin-Tiny,5,NV,True,both_correct
ISIC_0063607,5,NV,DeiT-Tiny,5,NV,True,Swin-Tiny,5,NV,True,both_correct
ISIC_0063680,4,MEL,DeiT-Tiny,2,BKL,False,Swin-Tiny,2,BKL,False,both_wrong
ISIC_0063802,1,BCC,DeiT-Tiny,1,BCC,True,Swin-Tiny,5,NV,False,model_a_only
ISIC_0063834,5,NV,DeiT-Tiny,6,SCC,False,Swin-Tiny,4,MEL,False,both_wrong
ISIC_0063897,4,MEL,DeiT-Tiny,4,MEL,True,Swin-Tiny,4,MEL,True,both_correct
ISIC_0063946,4,MEL,DeiT-Tiny,5,NV,False,Swin-Tiny,1,BCC,False,both_wrong
ISIC_0063948,5,NV,DeiT-Tiny,5,NV,True,Swin-Tiny,5,NV,True,both_correct
ISIC_0064028,5,NV,DeiT-Tiny,4,MEL,False,Swin-Tiny,5,NV,True,model_b_only
ISIC_0064080,4,MEL,DeiT-Tiny,4,MEL,True,Swin-Tiny,4,MEL,True,both_correct
ISIC_0064090,6,SCC,DeiT-Tiny,6,SCC,True,Swin-Tiny,6,SCC,True,both_correct
ISIC_0064128,1,BCC,DeiT-Tiny,1,BCC,True,Swin-Tiny,1,BCC,True,both_correct
ISIC_0064179,1,BCC,DeiT-Tiny,1,BCC,True,Swin-Tiny,1,BCC,True,both_correct
ISIC_0064219,5,NV,DeiT-Tiny,4,MEL,False,Swin-Tiny,4,MEL,False,both_wrong
ISIC_0064267,6,SCC,DeiT-Tiny,1,BCC,False,Swin-Tiny,0,AK,False,both_wrong
ISIC_0064322,0,AK,DeiT-Tiny,1,BCC,False,Swin-Tiny,0,AK,True,model_b_only
ISIC_0064339,4,MEL,DeiT-Tiny,4,MEL,True,Swin-Tiny,4,MEL,True,both_correct
ISIC_0064349,4,MEL,DeiT-Tiny,4,MEL,True,Swin-Tiny,4,MEL,True,both_correct
ISIC_0064378,2,BKL,DeiT-Tiny,2,BKL,True,Swin-Tiny,2,BKL,True,both_correct
ISIC_0064386,6,SCC,DeiT-Tiny,2,BKL,False,Swin-Tiny,2,BKL,False,both_wrong
ISIC_0064398,2,BKL,DeiT-Tiny,2,BKL,True,Swin-Tiny,2,BKL,True,both_correct
ISIC_0064413,3,DF,DeiT-Tiny,4,MEL,False,Swin-Tiny,5,NV,False,both_wrong
ISIC_0064414,5,NV,DeiT-Tiny,4,MEL,False,Swin-Tiny,4,MEL,False,both_wrong
ISIC_0064502,3,DF,DeiT-Tiny,4,MEL,False,Swin-Tiny,4,MEL,False,both_wrong
ISIC_0064561,5,NV,DeiT-Tiny,5,NV,True,Swin-Tiny,5,NV,True,both_correct
ISIC_0064648,5,NV,DeiT-Tiny,2,BKL,False,Swin-Tiny,5,NV,True,model_b_only
ISIC_0064676,4,MEL,DeiT-Tiny,1,BCC,False,Swin-Tiny,1,BCC,False,both_wrong
ISIC_0064688,5,NV,DeiT-Tiny,1,BCC,False,Swin-Tiny,1,BCC,False,both_wrong
ISIC_0064694,4,MEL,DeiT-Tiny,4,MEL,True,Swin-Tiny,4,MEL,True,both_correct
ISIC_0064754,1,BCC,DeiT-Tiny,2,BKL,False,Swin-Tiny,0,AK,False,both_wrong
ISIC_0064800,4,MEL,DeiT-Tiny,1,BCC,False,Swin-Tiny,1,BCC,False,both_wrong
ISIC_0064821,4,MEL,DeiT-Tiny,4,MEL,True,Swin-Tiny,4,MEL,True,both_correct
ISIC_0064832,1,BCC,DeiT-Tiny,1,BCC,True,Swin-Tiny,0,AK,False,model_a_only
ISIC_0064930,3,DF,DeiT-Tiny,4,MEL,False,Swin-Tiny,4,MEL,False,both_wrong
ISIC_0064943,4,MEL,DeiT-Tiny,4,MEL,True,Swin-Tiny,4,MEL,True,both_correct
ISIC_0064986,4,MEL,DeiT-Tiny,4,MEL,True,Swin-Tiny,4,MEL,True,both_correct
ISIC_0065077,1,BCC,DeiT-Tiny,1,BCC,True,Swin-Tiny,5,NV,False,model_a_only
ISIC_0065203,0,AK,DeiT-Tiny,2,BKL,False,Swin-Tiny,4,MEL,False,both_wrong
ISIC_0065204,5,NV,DeiT-Tiny,4,MEL,False,Swin-Tiny,4,MEL,False,both_wrong
ISIC_0065211,2,BKL,DeiT-Tiny,5,NV,False,Swin-Tiny,2,BKL,True,model_b_only
ISIC_0065227,1,BCC,DeiT-Tiny,1,BCC,True,Swin-Tiny,1,BCC,True,both_correct
ISIC_0065261,5,NV,DeiT-Tiny,5,NV,True,Swin-Tiny,5,NV,True,both_correct
ISIC_0065293,1,BCC,DeiT-Tiny,1,BCC,True,Swin-Tiny,1,BCC,True,both_correct
ISIC_0065300,2,BKL,DeiT-Tiny,2,BKL,True,Swin-Tiny,2,BKL,True,both_correct
ISIC_0065313,4,MEL,DeiT-Tiny,1,BCC,False,Swin-Tiny,1,BCC,False,both_wrong
ISIC_0065325,5,NV,DeiT-Tiny,5,NV,True,Swin-Tiny,5,NV,True,both_correct
ISIC_0065343,6,SCC,DeiT-Tiny,1,BCC,False,Swin-Tiny,2,BKL,False,both_wrong
ISIC_0065358,5,NV,DeiT-Tiny,5,NV,True,Swin-Tiny,5,NV,True,both_correct
ISIC_0065380,5,NV,DeiT-Tiny,5,NV,True,Swin-Tiny,5,NV,True,both_correct
ISIC_0065417,4,MEL,DeiT-Tiny,5,NV,False,Swin-Tiny,5,NV,False,both_wrong
ISIC_0065422,1,BCC,DeiT-Tiny,1,BCC,True,Swin-Tiny,5,NV,False,model_a_only
ISIC_0065491,6,SCC,DeiT-Tiny,4,MEL,False,Swin-Tiny,1,BCC,False,both_wrong
ISIC_0065518,4,MEL,DeiT-Tiny,4,MEL,True,Swin-Tiny,4,MEL,True,both_correct
ISIC_0065521,4,MEL,DeiT-Tiny,1,BCC,False,Swin-Tiny,1,BCC,False,both_wrong
ISIC_0065550,4,MEL,DeiT-Tiny,4,MEL,True,Swin-Tiny,4,MEL,True,both_correct
ISIC_0065552,0,AK,DeiT-Tiny,2,BKL,False,Swin-Tiny,4,MEL,False,both_wrong
ISIC_0065598,4,MEL,DeiT-Tiny,4,MEL,True,Swin-Tiny,4,MEL,True,both_correct
ISIC_0065629,2,BKL,DeiT-Tiny,2,BKL,True,Swin-Tiny,2,BKL,True,both_correct
ISIC_0065689,5,NV,DeiT-Tiny,5,NV,True,Swin-Tiny,5,NV,True,both_correct
ISIC_0065713,5,NV,DeiT-Tiny,4,MEL,False,Swin-Tiny,5,NV,True,model_b_only
ISIC_0065724,0,AK,DeiT-Tiny,0,AK,True,Swin-Tiny,0,AK,True,both_correct
ISIC_0065728,4,MEL,DeiT-Tiny,4,MEL,True,Swin-Tiny,4,MEL,True,both_correct
ISIC_0065742,4,MEL,DeiT-Tiny,4,MEL,True,Swin-Tiny,5,NV,False,model_a_only
ISIC_0065813,4,MEL,DeiT-Tiny,4,MEL,True,Swin-Tiny,4,MEL,True,both_correct
ISIC_0065826,1,BCC,DeiT-Tiny,0,AK,False,Swin-Tiny,0,AK,False,both_wrong
ISIC_0065845,5,NV,DeiT-Tiny,5,NV,True,Swin-Tiny,5,NV,True,both_correct
ISIC_0065874,1,BCC,DeiT-Tiny,5,NV,False,Swin-Tiny,5,NV,False,both_wrong
ISIC_0065883,4,MEL,DeiT-Tiny,4,MEL,True,Swin-Tiny,4,MEL,True,both_correct
ISIC_0065893,1,BCC,DeiT-Tiny,1,BCC,True,Swin-Tiny,1,BCC,True,both_correct
ISIC_0065918,4,MEL,DeiT-Tiny,4,MEL,True,Swin-Tiny,4,MEL,True,both_correct
ISIC_0065944,4,MEL,DeiT-Tiny,1,BCC,False,Swin-Tiny,1,BCC,False,both_wrong
ISIC_0065966,2,BKL,DeiT-Tiny,0,AK,False,Swin-Tiny,0,AK,False,both_wrong
ISIC_0066002,3,DF,DeiT-Tiny,3,DF,True,Swin-Tiny,3,DF,True,both_correct
ISIC_0066040,1,BCC,DeiT-Tiny,1,BCC,True,Swin-Tiny,1,BCC,True,both_correct
ISIC_0066042,5,NV,DeiT-Tiny,4,MEL,False,Swin-Tiny,5,NV,True,model_b_only
ISIC_0066064,5,NV,DeiT-Tiny,5,NV,True,Swin-Tiny,5,NV,True,both_correct
ISIC_0066072,2,BKL,DeiT-Tiny,2,BKL,True,Swin-Tiny,4,MEL,False,model_a_only
ISIC_0066087,5,NV,DeiT-Tiny,5,NV,True,Swin-Tiny,5,NV,True,both_correct
ISIC_0066121,1,BCC,DeiT-Tiny,1,BCC,True,Swin-Tiny,1,BCC,True,both_correct
ISIC_0066213,4,MEL,DeiT-Tiny,0,AK,False,Swin-Tiny,4,MEL,True,model_b_only
ISIC_0066224,1,BCC,DeiT-Tiny,1,BCC,True,Swin-Tiny,1,BCC,True,both_correct
ISIC_0066255,5,NV,DeiT-Tiny,5,NV,True,Swin-Tiny,5,NV,True,both_correct
ISIC_0066256,2,BKL,DeiT-Tiny,4,MEL,False,Swin-Tiny,4,MEL,False,both_wrong
ISIC_0066279,5,NV,DeiT-Tiny,4,MEL,False,Swin-Tiny,5,NV,True,model_b_only
ISIC_0066310,1,BCC,DeiT-Tiny,1,BCC,True,Swin-Tiny,5,NV,False,model_a_only
ISIC_0066315,0,AK,DeiT-Tiny,5,NV,False,Swin-Tiny,2,BKL,False,both_wrong
ISIC_0066364,5,NV,DeiT-Tiny,5,NV,True,Swin-Tiny,5,NV,True,both_correct
ISIC_0066379,4,MEL,DeiT-Tiny,5,NV,False,Swin-Tiny,5,NV,False,both_wrong
ISIC_0066413,3,DF,DeiT-Tiny,5,NV,False,Swin-Tiny,5,NV,False,both_wrong
ISIC_0066421,4,MEL,DeiT-Tiny,4,MEL,True,Swin-Tiny,4,MEL,True,both_correct
ISIC_0066424,5,NV,DeiT-Tiny,4,MEL,False,Swin-Tiny,4,MEL,False,both_wrong
ISIC_0066491,6,SCC,DeiT-Tiny,6,SCC,True,Swin-Tiny,6,SCC,True,both_correct
ISIC_0066508,5,NV,DeiT-Tiny,4,MEL,False,Swin-Tiny,4,MEL,False,both_wrong
ISIC_0066604,5,NV,DeiT-Tiny,5,NV,True,Swin-Tiny,5,NV,True,both_correct
ISIC_0066639,1,BCC,DeiT-Tiny,1,BCC,True,Swin-Tiny,1,BCC,True,both_correct
ISIC_0066656,6,SCC,DeiT-Tiny,6,SCC,True,Swin-Tiny,1,BCC,False,model_a_only
ISIC_0066661,5,NV,DeiT-Tiny,4,MEL,False,Swin-Tiny,5,NV,True,model_b_only
ISIC_0066672,5,NV,DeiT-Tiny,5,NV,True,Swin-Tiny,5,NV,True,both_correct
ISIC_0066698,1,BCC,DeiT-Tiny,1,BCC,True,Swin-Tiny,1,BCC,True,both_correct
ISIC_0066733,4,MEL,DeiT-Tiny,5,NV,False,Swin-Tiny,4,MEL,True,model_b_only
ISIC_0066801,6,SCC,DeiT-Tiny,4,MEL,False,Swin-Tiny,1,BCC,False,both_wrong
ISIC_0066823,1,BCC,DeiT-Tiny,1,BCC,True,Swin-Tiny,6,SCC,False,model_a_only
ISIC_0067000,1,BCC,DeiT-Tiny,1,BCC,True,Swin-Tiny,1,BCC,True,both_correct
ISIC_0067020,1,BCC,DeiT-Tiny,2,BKL,False,Swin-Tiny,2,BKL,False,both_wrong
ISIC_0067039,2,BKL,DeiT-Tiny,4,MEL,False,Swin-Tiny,4,MEL,False,both_wrong
ISIC_0067068,5,NV,DeiT-Tiny,1,BCC,False,Swin-Tiny,7,VASC,False,both_wrong
ISIC_0067078,0,AK,DeiT-Tiny,0,AK,True,Swin-Tiny,0,AK,True,both_correct
ISIC_0067079,1,BCC,DeiT-Tiny,1,BCC,True,Swin-Tiny,1,BCC,True,both_correct
ISIC_0067080,1,BCC,DeiT-Tiny,1,BCC,True,Swin-Tiny,1,BCC,True,both_correct
ISIC_0067100,0,AK,DeiT-Tiny,0,AK,True,Swin-Tiny,0,AK,True,both_correct
ISIC_0067117,2,BKL,DeiT-Tiny,2,BKL,True,Swin-Tiny,2,BKL,True,both_correct
ISIC_0067126,4,MEL,DeiT-Tiny,4,MEL,True,Swin-Tiny,4,MEL,True,both_correct
ISIC_0067155,5,NV,DeiT-Tiny,5,NV,True,Swin-Tiny,5,NV,True,both_correct
ISIC_0067218,0,AK,DeiT-Tiny,2,BKL,False,Swin-Tiny,2,BKL,False,both_wrong
ISIC_0067226,5,NV,DeiT-Tiny,5,NV,True,Swin-Tiny,5,NV,True,both_correct
ISIC_0067266,0,AK,DeiT-Tiny,0,AK,True,Swin-Tiny,0,AK,True,both_correct
ISIC_0067284,4,MEL,DeiT-Tiny,1,BCC,False,Swin-Tiny,1,BCC,False,both_wrong
ISIC_0067297,0,AK,DeiT-Tiny,1,BCC,False,Swin-Tiny,0,AK,True,model_b_only
ISIC_0067337,1,BCC,DeiT-Tiny,1,BCC,True,Swin-Tiny,0,AK,False,model_a_only
ISIC_0067492,1,BCC,DeiT-Tiny,1,BCC,True,Swin-Tiny,1,BCC,True,both_correct
ISIC_0067512,4,MEL,DeiT-Tiny,4,MEL,True,Swin-Tiny,1,BCC,False,model_a_only
ISIC_0067526,5,NV,DeiT-Tiny,5,NV,True,Swin-Tiny,3,DF,False,model_a_only
ISIC_0067609,5,NV,DeiT-Tiny,5,NV,True,Swin-Tiny,5,NV,True,both_correct
ISIC_0067613,5,NV,DeiT-Tiny,4,MEL,False,Swin-Tiny,5,NV,True,model_b_only
ISIC_0067645,5,NV,DeiT-Tiny,5,NV,True,Swin-Tiny,5,NV,True,both_correct
ISIC_0067649,5,NV,DeiT-Tiny,5,NV,True,Swin-Tiny,5,NV,True,both_correct
ISIC_0067694,4,MEL,DeiT-Tiny,4,MEL,True,Swin-Tiny,4,MEL,True,both_correct
ISIC_0067703,5,NV,DeiT-Tiny,5,NV,True,Swin-Tiny,5,NV,True,both_correct
ISIC_0067770,1,BCC,DeiT-Tiny,1,BCC,True,Swin-Tiny,1,BCC,True,both_correct
ISIC_0067771,5,NV,DeiT-Tiny,5,NV,True,Swin-Tiny,5,NV,True,both_correct
ISIC_0067784,1,BCC,DeiT-Tiny,1,BCC,True,Swin-Tiny,0,AK,False,model_a_only
ISIC_0067794,5,NV,DeiT-Tiny,5,NV,True,Swin-Tiny,5,NV,True,both_correct
ISIC_0067797,5,NV,DeiT-Tiny,4,MEL,False,Swin-Tiny,5,NV,True,model_b_only
ISIC_0067812,1,BCC,DeiT-Tiny,1,BCC,True,Swin-Tiny,0,AK,False,model_a_only
ISIC_0067821,4,MEL,DeiT-Tiny,4,MEL,True,Swin-Tiny,4,MEL,True,both_correct
ISIC_0067896,4,MEL,DeiT-Tiny,1,BCC,False,Swin-Tiny,1,BCC,False,both_wrong
ISIC_0067937,5,NV,DeiT-Tiny,4,MEL,False,Swin-Tiny,4,MEL,False,both_wrong
ISIC_0067965,5,NV,DeiT-Tiny,5,NV,True,Swin-Tiny,5,NV,True,both_correct
ISIC_0068086,0,AK,DeiT-Tiny,2,BKL,False,Swin-Tiny,2,BKL,False,both_wrong
ISIC_0068098,5,NV,DeiT-Tiny,5,NV,True,Swin-Tiny,5,NV,True,both_correct
ISIC_0068115,4,MEL,DeiT-Tiny,4,MEL,True,Swin-Tiny,4,MEL,True,both_correct
ISIC_0068119,4,MEL,DeiT-Tiny,4,MEL,True,Swin-Tiny,4,MEL,True,both_correct
ISIC_0068138,1,BCC,DeiT-Tiny,1,BCC,True,Swin-Tiny,1,BCC,True,both_correct
ISIC_0068181,2,BKL,DeiT-Tiny,2,BKL,True,Swin-Tiny,2,BKL,True,both_correct
ISIC_0068228,5,NV,DeiT-Tiny,4,MEL,False,Swin-Tiny,1,BCC,False,both_wrong
ISIC_0068251,5,NV,DeiT-Tiny,4,MEL,False,Swin-Tiny,4,MEL,False,both_wrong
ISIC_0068293,5,NV,DeiT-Tiny,2,BKL,False,Swin-Tiny,4,MEL,False,both_wrong
ISIC_0068302,1,BCC,DeiT-Tiny,1,BCC,True,Swin-Tiny,1,BCC,True,both_correct
ISIC_0068309,4,MEL,DeiT-Tiny,4,MEL,True,Swin-Tiny,4,MEL,True,both_correct
ISIC_0068310,4,MEL,DeiT-Tiny,2,BKL,False,Swin-Tiny,0,AK,False,both_wrong
ISIC_0068343,4,MEL,DeiT-Tiny,4,MEL,True,Swin-Tiny,4,MEL,True,both_correct
ISIC_0068379,5,NV,DeiT-Tiny,4,MEL,False,Swin-Tiny,4,MEL,False,both_wrong
ISIC_0068399,1,BCC,DeiT-Tiny,1,BCC,True,Swin-Tiny,1,BCC,True,both_correct
ISIC_0068484,7,VASC,DeiT-Tiny,7,VASC,True,Swin-Tiny,4,MEL,False,model_a_only
ISIC_0068489,1,BCC,DeiT-Tiny,1,BCC,True,Swin-Tiny,1,BCC,True,both_correct
ISIC_0068511,5,NV,DeiT-Tiny,5,NV,True,Swin-Tiny,5,NV,True,both_correct
ISIC_0068538,5,NV,DeiT-Tiny,4,MEL,False,Swin-Tiny,5,NV,True,model_b_only
ISIC_0068586,4,MEL,DeiT-Tiny,4,MEL,True,Swin-Tiny,4,MEL,True,both_correct
ISIC_0068721,4,MEL,DeiT-Tiny,4,MEL,True,Swin-Tiny,5,NV,False,model_a_only
ISIC_0068793,1,BCC,DeiT-Tiny,1,BCC,True,Swin-Tiny,1,BCC,True,both_correct
ISIC_0068855,5,NV,DeiT-Tiny,4,MEL,False,Swin-Tiny,4,MEL,False,both_wrong
ISIC_0068862,1,BCC,DeiT-Tiny,1,BCC,True,Swin-Tiny,6,SCC,False,model_a_only
ISIC_0068869,1,BCC,DeiT-Tiny,1,BCC,True,Swin-Tiny,1,BCC,True,both_correct
ISIC_0068982,5,NV,DeiT-Tiny,5,NV,True,Swin-Tiny,5,NV,True,both_correct
ISIC_0069003,4,MEL,DeiT-Tiny,5,NV,False,Swin-Tiny,1,BCC,False,both_wrong
ISIC_0069043,0,AK,DeiT-Tiny,5,NV,False,Swin-Tiny,2,BKL,False,both_wrong
ISIC_0069068,4,MEL,DeiT-Tiny,2,BKL,False,Swin-Tiny,4,MEL,True,model_b_only
ISIC_0069127,5,NV,DeiT-Tiny,5,NV,True,Swin-Tiny,5,NV,True,both_correct
ISIC_0069160,5,NV,DeiT-Tiny,5,NV,True,Swin-Tiny,5,NV,True,both_correct
ISIC_0069184,1,BCC,DeiT-Tiny,0,AK,False,Swin-Tiny,1,BCC,True,model_b_only
ISIC_0069198,2,BKL,DeiT-Tiny,2,BKL,True,Swin-Tiny,2,BKL,True,both_correct
ISIC_0069213,5,NV,DeiT-Tiny,4,MEL,False,Swin-Tiny,5,NV,True,model_b_only
ISIC_0069282,0,AK,DeiT-Tiny,1,BCC,False,Swin-Tiny,1,BCC,False,both_wrong
ISIC_0069334,5,NV,DeiT-Tiny,5,NV,True,Swin-Tiny,5,NV,True,both_correct
ISIC_0069363,5,NV,DeiT-Tiny,5,NV,True,Swin-Tiny,5,NV,True,both_correct
ISIC_0069365,4,MEL,DeiT-Tiny,4,MEL,True,Swin-Tiny,4,MEL,True,both_correct
ISIC_0069570,5,NV,DeiT-Tiny,5,NV,True,Swin-Tiny,5,NV,True,both_correct
ISIC_0069610,5,NV,DeiT-Tiny,4,MEL,False,Swin-Tiny,4,MEL,False,both_wrong
ISIC_0069617,4,MEL,DeiT-Tiny,4,MEL,True,Swin-Tiny,1,BCC,False,model_a_only
ISIC_0069642,2,BKL,DeiT-Tiny,2,BKL,True,Swin-Tiny,2,BKL,True,both_correct
ISIC_0069663,2,BKL,DeiT-Tiny,1,BCC,False,Swin-Tiny,0,AK,False,both_wrong
ISIC_0069678,5,NV,DeiT-Tiny,5,NV,True,Swin-Tiny,5,NV,True,both_correct
ISIC_0069687,5,NV,DeiT-Tiny,5,NV,True,Swin-Tiny,5,NV,True,both_correct
ISIC_0069700,5,NV,DeiT-Tiny,5,NV,True,Swin-Tiny,5,NV,True,both_correct
ISIC_0069719,0,AK,DeiT-Tiny,1,BCC,False,Swin-Tiny,0,AK,True,model_b_only
ISIC_0069724,1,BCC,DeiT-Tiny,1,BCC,True,Swin-Tiny,6,SCC,False,model_a_only
ISIC_0069763,2,BKL,DeiT-Tiny,5,NV,False,Swin-Tiny,5,NV,False,both_wrong
ISIC_0069793,5,NV,DeiT-Tiny,5,NV,True,Swin-Tiny,5,NV,True,both_correct
ISIC_0069816,5,NV,DeiT-Tiny,5,NV,True,Swin-Tiny,5,NV,True,both_correct
ISIC_0069839,5,NV,DeiT-Tiny,5,NV,True,Swin-Tiny,5,NV,True,both_correct
ISIC_0069843,1,BCC,DeiT-Tiny,0,AK,False,Swin-Tiny,1,BCC,True,model_b_only
ISIC_0069856,1,BCC,DeiT-Tiny,1,BCC,True,Swin-Tiny,1,BCC,True,both_correct
ISIC_0069906,0,AK,DeiT-Tiny,2,BKL,False,Swin-Tiny,2,BKL,False,both_wrong
ISIC_0069921,5,NV,DeiT-Tiny,5,NV,True,Swin-Tiny,5,NV,True,both_correct
ISIC_0069949,6,SCC,DeiT-Tiny,1,BCC,False,Swin-Tiny,0,AK,False,both_wrong
ISIC_0069956,1,BCC,DeiT-Tiny,0,AK,False,Swin-Tiny,1,BCC,True,model_b_only
ISIC_0070012,4,MEL,DeiT-Tiny,4,MEL,True,Swin-Tiny,4,MEL,True,both_correct
ISIC_0070035,6,SCC,DeiT-Tiny,6,SCC,True,Swin-Tiny,1,BCC,False,model_a_only
ISIC_0070042,5,NV,DeiT-Tiny,5,NV,True,Swin-Tiny,5,NV,True,both_correct
ISIC_0070096,1,BCC,DeiT-Tiny,0,AK,False,Swin-Tiny,1,BCC,True,model_b_only
ISIC_0070104,5,NV,DeiT-Tiny,5,NV,True,Swin-Tiny,5,NV,True,both_correct
ISIC_0070131,1,BCC,DeiT-Tiny,1,BCC,True,Swin-Tiny,1,BCC,True,both_correct
ISIC_0070165,1,BCC,DeiT-Tiny,1,BCC,True,Swin-Tiny,1,BCC,True,both_correct
ISIC_0070170,4,MEL,DeiT-Tiny,4,MEL,True,Swin-Tiny,4,MEL,True,both_correct
ISIC_0070187,2,BKL,DeiT-Tiny,4,MEL,False,Swin-Tiny,4,MEL,False,both_wrong
ISIC_0070198,4,MEL,DeiT-Tiny,4,MEL,True,Swin-Tiny,4,MEL,True,both_correct
ISIC_0070245,2,BKL,DeiT-Tiny,2,BKL,True,Swin-Tiny,2,BKL,True,both_correct
ISIC_0070252,5,NV,DeiT-Tiny,5,NV,True,Swin-Tiny,5,NV,True,both_correct
ISIC_0070266,1,BCC,DeiT-Tiny,1,BCC,True,Swin-Tiny,1,BCC,True,both_correct
ISIC_0070285,4,MEL,DeiT-Tiny,5,NV,False,Swin-Tiny,5,NV,False,both_wrong
ISIC_0070312,1,BCC,DeiT-Tiny,1,BCC,True,Swin-Tiny,1,BCC,True,both_correct
ISIC_0070315,1,BCC,DeiT-Tiny,1,BCC,True,Swin-Tiny,1,BCC,True,both_correct
ISIC_0070322,5,NV,DeiT-Tiny,5,NV,True,Swin-Tiny,5,NV,True,both_correct
ISIC_0070376,1,BCC,DeiT-Tiny,1,BCC,True,Swin-Tiny,1,BCC,True,both_correct
ISIC_0070438,5,NV,DeiT-Tiny,5,NV,True,Swin-Tiny,5,NV,True,both_correct
ISIC_0070467,2,BKL,DeiT-Tiny,4,MEL,False,Swin-Tiny,2,BKL,True,model_b_only
ISIC_0070472,1,BCC,DeiT-Tiny,1,BCC,True,Swin-Tiny,1,BCC,True,both_correct
ISIC_0070487,1,BCC,DeiT-Tiny,1,BCC,True,Swin-Tiny,1,BCC,True,both_correct
ISIC_0070492,1,BCC,DeiT-Tiny,1,BCC,True,Swin-Tiny,1,BCC,True,both_correct
ISIC_0070597,5,NV,DeiT-Tiny,5,NV,True,Swin-Tiny,5,NV,True,both_correct
ISIC_0070620,1,BCC,DeiT-Tiny,1,BCC,True,Swin-Tiny,1,BCC,True,both_correct
ISIC_0070680,3,DF,DeiT-Tiny,5,NV,False,Swin-Tiny,5,NV,False,both_wrong
ISIC_0070684,1,BCC,DeiT-Tiny,1,BCC,True,Swin-Tiny,6,SCC,False,model_a_only
ISIC_0070691,0,AK,DeiT-Tiny,0,AK,True,Swin-Tiny,1,BCC,False,model_a_only
ISIC_0070751,1,BCC,DeiT-Tiny,0,AK,False,Swin-Tiny,1,BCC,True,model_b_only
ISIC_0070752,4,MEL,DeiT-Tiny,5,NV,False,Swin-Tiny,5,NV,False,both_wrong
ISIC_0070775,2,BKL,DeiT-Tiny,2,BKL,True,Swin-Tiny,2,BKL,True,both_correct
ISIC_0070884,5,NV,DeiT-Tiny,5,NV,True,Swin-Tiny,5,NV,True,both_correct
ISIC_0070893,5,NV,DeiT-Tiny,4,MEL,False,Swin-Tiny,4,MEL,False,both_wrong
ISIC_0070903,5,NV,DeiT-Tiny,4,MEL,False,Swin-Tiny,4,MEL,False,both_wrong
ISIC_0070968,4,MEL,DeiT-Tiny,4,MEL,True,Swin-Tiny,4,MEL,True,both_correct
ISIC_0071003,1,BCC,DeiT-Tiny,1,BCC,True,Swin-Tiny,1,BCC,True,both_correct
ISIC_0071044,7,VASC,DeiT-Tiny,7,VASC,True,Swin-Tiny,7,VASC,True,both_correct
ISIC_0071068,5,NV,DeiT-Tiny,1,BCC,False,Swin-Tiny,1,BCC,False,both_wrong
ISIC_0071101,4,MEL,DeiT-Tiny,5,NV,False,Swin-Tiny,5,NV,False,both_wrong
ISIC_0071121,5,NV,DeiT-Tiny,1,BCC,False,Swin-Tiny,5,NV,True,model_b_only
ISIC_0071138,4,MEL,DeiT-Tiny,1,BCC,False,Swin-Tiny,1,BCC,False,both_wrong
ISIC_0071140,2,BKL,DeiT-Tiny,2,BKL,True,Swin-Tiny,5,NV,False,model_a_only
ISIC_0071153,5,NV,DeiT-Tiny,5,NV,True,Swin-Tiny,5,NV,True,both_correct
ISIC_0071213,0,AK,DeiT-Tiny,2,BKL,False,Swin-Tiny,4,MEL,False,both_wrong
ISIC_0071292,5,NV,DeiT-Tiny,1,BCC,False,Swin-Tiny,1,BCC,False,both_wrong
ISIC_0071314,4,MEL,DeiT-Tiny,1,BCC,False,Swin-Tiny,1,BCC,False,both_wrong
ISIC_0071347,1,BCC,DeiT-Tiny,1,BCC,True,Swin-Tiny,2,BKL,False,model_a_only
ISIC_0071384,1,BCC,DeiT-Tiny,5,NV,False,Swin-Tiny,1,BCC,True,model_b_only
ISIC_0071385,1,BCC,DeiT-Tiny,5,NV,False,Swin-Tiny,5,NV,False,both_wrong
ISIC_0071497,5,NV,DeiT-Tiny,5,NV,True,Swin-Tiny,5,NV,True,both_correct
ISIC_0071516,5,NV,DeiT-Tiny,1,BCC,False,Swin-Tiny,1,BCC,False,both_wrong
ISIC_0071586,4,MEL,DeiT-Tiny,4,MEL,True,Swin-Tiny,4,MEL,True,both_correct
ISIC_0071618,5,NV,DeiT-Tiny,4,MEL,False,Swin-Tiny,0,AK,False,both_wrong
ISIC_0071651,4,MEL,DeiT-Tiny,1,BCC,False,Swin-Tiny,1,BCC,False,both_wrong
ISIC_0071726,4,MEL,DeiT-Tiny,4,MEL,True,Swin-Tiny,4,MEL,True,both_correct
ISIC_0071787,7,VASC,DeiT-Tiny,7,VASC,True,Swin-Tiny,3,DF,False,model_a_only
ISIC_0071797,4,MEL,DeiT-Tiny,4,MEL,True,Swin-Tiny,4,MEL,True,both_correct
ISIC_0071841,5,NV,DeiT-Tiny,1,BCC,False,Swin-Tiny,5,NV,True,model_b_only
ISIC_0071842,5,NV,DeiT-Tiny,5,NV,True,Swin-Tiny,5,NV,True,both_correct
ISIC_0071946,0,AK,DeiT-Tiny,0,AK,True,Swin-Tiny,0,AK,True,both_correct
ISIC_0071953,0,AK,DeiT-Tiny,6,SCC,False,Swin-Tiny,0,AK,True,model_b_only
ISIC_0071959,4,MEL,DeiT-Tiny,4,MEL,True,Swin-Tiny,4,MEL,True,both_correct
ISIC_0071990,5,NV,DeiT-Tiny,5,NV,True,Swin-Tiny,5,NV,True,both_correct
ISIC_0072011,5,NV,DeiT-Tiny,1,BCC,False,Swin-Tiny,4,MEL,False,both_wrong
ISIC_0072021,4,MEL,DeiT-Tiny,5,NV,False,Swin-Tiny,4,MEL,True,model_b_only
ISIC_0072045,3,DF,DeiT-Tiny,1,BCC,False,Swin-Tiny,1,BCC,False,both_wrong
ISIC_0072060,1,BCC,DeiT-Tiny,1,BCC,True,Swin-Tiny,1,BCC,True,both_correct
ISIC_0072081,5,NV,DeiT-Tiny,4,MEL,False,Swin-Tiny,5,NV,True,model_b_only
ISIC_0072087,4,MEL,DeiT-Tiny,4,MEL,True,Swin-Tiny,4,MEL,True,both_correct
ISIC_0072100,5,NV,DeiT-Tiny,4,MEL,False,Swin-Tiny,4,MEL,False,both_wrong
ISIC_0072203,5,NV,DeiT-Tiny,5,NV,True,Swin-Tiny,5,NV,True,both_correct
ISIC_0072265,0,AK,DeiT-Tiny,1,BCC,False,Swin-Tiny,1,BCC,False,both_wrong
ISIC_0072271,4,MEL,DeiT-Tiny,5,NV,False,Swin-Tiny,5,NV,False,both_wrong
ISIC_0072294,4,MEL,DeiT-Tiny,5,NV,False,Swin-Tiny,5,NV,False,both_wrong
ISIC_0072363,4,MEL,DeiT-Tiny,4,MEL,True,Swin-Tiny,4,MEL,True,both_correct
ISIC_0072367,5,NV,DeiT-Tiny,5,NV,True,Swin-Tiny,5,NV,True,both_correct
ISIC_0072453,1,BCC,DeiT-Tiny,1,BCC,True,Swin-Tiny,1,BCC,True,both_correct
ISIC_0072455,1,BCC,DeiT-Tiny,2,BKL,False,Swin-Tiny,1,BCC,True,model_b_only
ISIC_0072461,1,BCC,DeiT-Tiny,1,BCC,True,Swin-Tiny,5,NV,False,model_a_only
ISIC_0072492,1,BCC,DeiT-Tiny,1,BCC,True,Swin-Tiny,1,BCC,True,both_correct
ISIC_0072505,1,BCC,DeiT-Tiny,2,BKL,False,Swin-Tiny,0,AK,False,both_wrong
ISIC_0072531,4,MEL,DeiT-Tiny,1,BCC,False,Swin-Tiny,1,BCC,False,both_wrong
ISIC_0072553,5,NV,DeiT-Tiny,5,NV,True,Swin-Tiny,5,NV,True,both_correct
ISIC_0072579,5,NV,DeiT-Tiny,5,NV,True,Swin-Tiny,5,NV,True,both_correct
ISIC_0072583,1,BCC,DeiT-Tiny,4,MEL,False,Swin-Tiny,1,BCC,True,model_b_only
ISIC_0072585,4,MEL,DeiT-Tiny,4,MEL,True,Swin-Tiny,4,MEL,True,both_correct
ISIC_0072614,2,BKL,DeiT-Tiny,2,BKL,True,Swin-Tiny,2,BKL,True,both_correct
ISIC_0072627,5,NV,DeiT-Tiny,4,MEL,False,Swin-Tiny,4,MEL,False,both_wrong
ISIC_0072641,4,MEL,DeiT-Tiny,4,MEL,True,Swin-Tiny,4,MEL,True,both_correct
ISIC_0072687,5,NV,DeiT-Tiny,5,NV,True,Swin-Tiny,5,NV,True,both_correct
ISIC_0072697,1,BCC,DeiT-Tiny,7,VASC,False,Swin-Tiny,7,VASC,False,both_wrong
ISIC_0072752,2,BKL,DeiT-Tiny,4,MEL,False,Swin-Tiny,4,MEL,False,both_wrong
ISIC_0072820,4,MEL,DeiT-Tiny,4,MEL,True,Swin-Tiny,4,MEL,True,both_correct
ISIC_0072834,2,BKL,DeiT-Tiny,2,BKL,True,Swin-Tiny,2,BKL,True,both_correct
ISIC_0072848,5,NV,DeiT-Tiny,5,NV,True,Swin-Tiny,5,NV,True,both_correct
ISIC_0072857,1,BCC,DeiT-Tiny,1,BCC,True,Swin-Tiny,6,SCC,False,model_a_only
ISIC_0072917,4,MEL,DeiT-Tiny,5,NV,False,Swin-Tiny,5,NV,False,both_wrong
ISIC_0072928,2,BKL,DeiT-Tiny,2,BKL,True,Swin-Tiny,2,BKL,True,both_correct
ISIC_0073018,4,MEL,DeiT-Tiny,4,MEL,True,Swin-Tiny,4,MEL,True,both_correct
ISIC_0073020,5,NV,DeiT-Tiny,4,MEL,False,Swin-Tiny,5,NV,True,model_b_only
ISIC_0073033,1,BCC,DeiT-Tiny,1,BCC,True,Swin-Tiny,1,BCC,True,both_correct
ISIC_0073071,1,BCC,DeiT-Tiny,5,NV,False,Swin-Tiny,5,NV,False,both_wrong
ISIC_0073081,1,BCC,DeiT-Tiny,1,BCC,True,Swin-Tiny,1,BCC,True,both_correct
ISIC_0073086,5,NV,DeiT-Tiny,5,NV,True,Swin-Tiny,5,NV,True,both_correct
ISIC_0073091,1,BCC,DeiT-Tiny,1,BCC,True,Swin-Tiny,1,BCC,True,both_correct
ISIC_0073171,5,NV,DeiT-Tiny,4,MEL,False,Swin-Tiny,5,NV,True,model_b_only
ISIC_0073200,1,BCC,DeiT-Tiny,1,BCC,True,Swin-Tiny,1,BCC,True,both_correct
ISIC_0073220,5,NV,DeiT-Tiny,5,NV,True,Swin-Tiny,5,NV,True,both_correct
ISIC_0073238,4,MEL,DeiT-Tiny,1,BCC,False,Swin-Tiny,4,MEL,True,model_b_only
