model_a,model_b,total_samples,both_correct,a_only_correct,b_only_correct,both_wrong,disagreement,disagreement_rate,a_unique_recovery,b_unique_recovery,oracle_correct,oracle_accuracy,agreement_rate,error_overlap,cohen_kappa
ResNet50,DeiT-Tiny,1267,787,149,127,204,276,0.21783741120757696,149,127,1063,0.8389897395422258,0.7821625887924231,0.5779036827195467,0.44751335825399485
ResNet50,MobileNetV3-Large,1267,806,130,127,204,257,0.20284135753749014,130,127,1063,0.8389897395422258,0.7971586424625099,0.6107784431137725,0.47603094069164387
ResNet50,EfficientNetV2-S,1267,817,119,126,205,245,0.19337016574585636,119,126,1062,0.8382004735595896,0.8066298342541437,0.6193353474320241,0.4955857763362512
ResNet50,Swin-Tiny,1267,802,134,123,208,257,0.20284135753749014,134,123,1059,0.8358326756116812,0.7971586424625099,0.6081871345029239,0.48008021881341945
EfficientNetV2-S,DeiT-Tiny,1267,809,134,105,219,239,0.18863456985003946,134,105,1048,0.8271507498026835,0.8113654301499605,0.6203966005665722,0.518591766492055
ResNet50,EfficientNet-B3,1267,789,147,110,221,257,0.20284135753749014,147,110,1046,0.8255722178374112,0.7971586424625099,0.6005434782608695,0.4928187259838914
MobileNetV3-Large,DeiT-Tiny,1267,805,128,109,225,237,0.18705603788476716,128,109,1042,0.8224151539068666,0.8129439621152328,0.6373937677053825,0.5268402599960607
MobileNetV3-Large,Swin-Tiny,1267,816,117,109,225,226,0.17837411207576953,117,109,1042,0.8224151539068666,0.8216258879242304,0.6578947368421053,0.5440675375296957
DeiT-Tiny,Swin-Tiny,1267,798,116,127,226,243,0.19179163378058406,116,127,1041,0.8216258879242304,0.8082083662194159,0.6402266288951841,0.5182682874546443
EfficientNetV2-S,EfficientNet-B3,1267,801,142,98,226,240,0.1894238358326756,142,98,1041,0.8216258879242304,0.8105761641673244,0.6141304347826086,0.52360958796804
