model_a,model_b,class,samples,both_correct,a_only_correct,b_only_correct,both_wrong,oracle_correct,oracle_accuracy
ResNet50,EfficientNetV2-S,AK,44,13,2,4,25,19,0.4318181818181818
ResNet50,EfficientNetV2-S,BCC,167,108,18,18,23,144,0.8622754491017964
ResNet50,EfficientNetV2-S,BKL,132,72,21,13,26,106,0.803030303030303
ResNet50,EfficientNetV2-S,DF,11,3,4,0,4,7,0.6363636363636364
ResNet50,EfficientNetV2-S,MEL,226,108,30,35,53,173,0.7654867256637168
ResNet50,EfficientNetV2-S,NV,644,494,39,54,57,587,0.9114906832298136
ResNet50,EfficientNetV2-S,SCC,31,7,5,2,17,14,0.45161290322580644
ResNet50,EfficientNetV2-S,VASC,12,12,0,0,0,12,1.0
ResNet50,EfficientNet-B3,AK,44,10,5,3,26,18,0.4090909090909091
ResNet50,EfficientNet-B3,BCC,167,104,22,18,23,144,0.8622754491017964
ResNet50,EfficientNet-B3,BKL,132,69,24,11,28,104,0.7878787878787878
ResNet50,EfficientNet-B3,DF,11,3,4,1,3,8,0.7272727272727273
ResNet50,EfficientNet-B3,MEL,226,97,41,26,62,164,0.7256637168141593
ResNet50,EfficientNet-B3,NV,644,488,45,47,64,580,0.9006211180124224
ResNet50,EfficientNet-B3,SCC,31,6,6,4,15,16,0.5161290322580645
ResNet50,EfficientNet-B3,VASC,12,12,0,0,0,12,1.0
ResNet50,MobileNetV3-Large,AK,44,8,7,2,27,17,0.38636363636363635
ResNet50,MobileNetV3-Large,BCC,167,105,21,21,20,147,0.8802395209580839
ResNet50,MobileNetV3-Large,BKL,132,73,20,11,28,104,0.7878787878787878
ResNet50,MobileNetV3-Large,DF,11,2,5,1,3,8,0.7272727272727273
ResNet50,MobileNetV3-Large,MEL,226,109,29,31,57,169,0.7477876106194691
ResNet50,MobileNetV3-Large,NV,644,490,43,58,53,591,0.9177018633540373
ResNet50,MobileNetV3-Large,SCC,31,7,5,3,16,15,0.4838709677419355
ResNet50,MobileNetV3-Large,VASC,12,12,0,0,0,12,1.0
ResNet50,DeiT-Tiny,AK,44,7,8,3,26,18,0.4090909090909091
ResNet50,DeiT-Tiny,BCC,167,103,23,24,17,150,0.8982035928143712
ResNet50,DeiT-Tiny,BKL,132,73,20,11,28,104,0.7878787878787878
ResNet50,DeiT-Tiny,DF,11,2,5,1,3,8,0.7272727272727273
ResNet50,DeiT-Tiny,MEL,226,100,38,28,60,166,0.7345132743362832
ResNet50,DeiT-Tiny,NV,644,484,49,58,53,591,0.9177018633540373
ResNet50,DeiT-Tiny,SCC,31,6,6,2,17,14,0.45161290322580644
ResNet50,DeiT-Tiny,VASC,12,12,0,0,0,12,1.0
ResNet50,Swin-Tiny,AK,44,11,4,5,24,20,0.45454545454545453
ResNet50,Swin-Tiny,BCC,167,99,27,13,28,139,0.8323353293413174
ResNet50,Swin-Tiny,BKL,132,74,19,15,24,108,0.8181818181818182
ResNet50,Swin-Tiny,DF,11,3,4,0,4,7,0.6363636363636364
ResNet50,Swin-Tiny,MEL,226,110,28,30,58,168,0.7433628318584071
ResNet50,Swin-Tiny,NV,644,490,43,58,53,591,0.9177018633540373
ResNet50,Swin-Tiny,SCC,31,5,7,2,17,14,0.45161290322580644
ResNet50,Swin-Tiny,VASC,12,10,2,0,0,12,1.0
EfficientNetV2-S,EfficientNet-B3,AK,44,13,4,0,27,17,0.38636363636363635
EfficientNetV2-S,EfficientNet-B3,BCC,167,103,23,19,22,145,0.8682634730538922
EfficientNetV2-S,EfficientNet-B3,BKL,132,69,16,11,36,96,0.7272727272727273
EfficientNetV2-S,EfficientNet-B3,DF,11,3,0,1,7,4,0.36363636363636365
EfficientNetV2-S,EfficientNet-B3,MEL,226,100,43,23,60,166,0.7345132743362832
EfficientNetV2-S,EfficientNet-B3,NV,644,495,53,40,56,588,0.9130434782608695
EfficientNetV2-S,EfficientNet-B3,SCC,31,6,3,4,18,13,0.41935483870967744
EfficientNetV2-S,EfficientNet-B3,VASC,12,12,0,0,0,12,1.0
EfficientNetV2-S,MobileNetV3-Large,AK,44,9,8,1,26,18,0.4090909090909091
EfficientNetV2-S,MobileNetV3-Large,BCC,167,110,16,16,25,142,0.8502994011976048
EfficientNetV2-S,MobileNetV3-Large,BKL,132,69,16,15,32,100,0.7575757575757576
EfficientNetV2-S,MobileNetV3-Large,DF,11,2,1,1,7,4,0.36363636363636365
EfficientNetV2-S,MobileNetV3-Large,MEL,226,119,24,21,62,164,0.7256637168141593
EfficientNetV2-S,MobileNetV3-Large,NV,644,508,40,40,56,588,0.9130434782608695
EfficientNetV2-S,MobileNetV3-Large,SCC,31,8,1,2,20,11,0.3548387096774194
EfficientNetV2-S,MobileNetV3-Large,VASC,12,12,0,0,0,12,1.0
EfficientNetV2-S,DeiT-Tiny,AK,44,9,8,1,26,18,0.4090909090909091
EfficientNetV2-S,DeiT-Tiny,BCC,167,109,17,18,23,144,0.8622754491017964
EfficientNetV2-S,DeiT-Tiny,BKL,132,69,16,15,32,100,0.7575757575757576
EfficientNetV2-S,DeiT-Tiny,DF,11,2,1,1,7,4,0.36363636363636365
EfficientNetV2-S,DeiT-Tiny,MEL,226,103,40,25,58,168,0.7433628318584071
EfficientNetV2-S,DeiT-Tiny,NV,644,499,49,43,53,591,0.9177018633540373
EfficientNetV2-S,DeiT-Tiny,SCC,31,6,3,2,20,11,0.3548387096774194
EfficientNetV2-S,DeiT-Tiny,VASC,12,12,0,0,0,12,1.0
EfficientNetV2-S,Swin-Tiny,AK,44,13,4,3,24,20,0.45454545454545453
EfficientNetV2-S,Swin-Tiny,BCC,167,100,26,12,29,138,0.8263473053892215
EfficientNetV2-S,Swin-Tiny,BKL,132,73,12,16,31,101,0.7651515151515151
EfficientNetV2-S,Swin-Tiny,DF,11,2,1,1,7,4,0.36363636363636365
EfficientNetV2-S,Swin-Tiny,MEL,226,118,25,22,61,165,0.7300884955752213
EfficientNetV2-S,Swin-Tiny,NV,644,509,39,39,57,587,0.9114906832298136
EfficientNetV2-S,Swin-Tiny,SCC,31,5,4,2,20,11,0.3548387096774194
EfficientNetV2-S,Swin-Tiny,VASC,12,10,2,0,0,12,1.0
EfficientNet-B3,MobileNetV3-Large,AK,44,7,6,3,28,16,0.36363636363636365
EfficientNet-B3,MobileNetV3-Large,BCC,167,98,24,28,17,150,0.8982035928143712
EfficientNet-B3,MobileNetV3-Large,BKL,132,65,15,19,33,99,0.75
EfficientNet-B3,MobileNetV3-Large,DF,11,2,2,1,6,5,0.45454545454545453
EfficientNet-B3,MobileNetV3-Large,MEL,226,100,23,40,63,163,0.7212389380530974
EfficientNet-B3,MobileNetV3-Large,NV,644,502,33,46,63,581,0.9021739130434783
EfficientNet-B3,MobileNetV3-Large,SCC,31,6,4,4,17,14,0.45161290322580644
EfficientNet-B3,MobileNetV3-Large,VASC,12,12,0,0,0,12,1.0
EfficientNet-B3,DeiT-Tiny,AK,44,8,5,2,29,15,0.3409090909090909
EfficientNet-B3,DeiT-Tiny,BCC,167,104,18,23,22,145,0.8682634730538922
EfficientNet-B3,DeiT-Tiny,BKL,132,63,17,21,31,101,0.7651515151515151
EfficientNet-B3,DeiT-Tiny,DF,11,3,1,0,7,4,0.36363636363636365
EfficientNet-B3,DeiT-Tiny,MEL,226,90,33,38,65,161,0.7123893805309734
EfficientNet-B3,DeiT-Tiny,NV,644,486,49,56,53,591,0.9177018633540373
EfficientNet-B3,DeiT-Tiny,SCC,31,7,3,1,20,11,0.3548387096774194
EfficientNet-B3,DeiT-Tiny,VASC,12,12,0,0,0,12,1.0
EfficientNet-B3,Swin-Tiny,AK,44,11,2,5,26,18,0.4090909090909091
EfficientNet-B3,Swin-Tiny,BCC,167,94,28,18,27,140,0.8383233532934131
EfficientNet-B3,Swin-Tiny,BKL,132,69,11,20,32,100,0.7575757575757576
EfficientNet-B3,Swin-Tiny,DF,11,2,2,1,6,5,0.45454545454545453
EfficientNet-B3,Swin-Tiny,MEL,226,100,23,40,63,163,0.7212389380530974
EfficientNet-B3,Swin-Tiny,NV,644,502,33,46,63,581,0.9021739130434783
EfficientNet-B3,Swin-Tiny,SCC,31,4,6,3,18,13,0.41935483870967744
EfficientNet-B3,Swin-Tiny,VASC,12,10,2,0,0,12,1.0
MobileNetV3-Large,DeiT-Tiny,AK,44,7,3,3,31,13,0.29545454545454547
MobileNetV3-Large,DeiT-Tiny,BCC,167,107,19,20,21,146,0.874251497005988
MobileNetV3-Large,DeiT-Tiny,BKL,132,66,18,18,30,102,0.7727272727272727
MobileNetV3-Large,DeiT-Tiny,DF,11,2,1,1,7,4,0.36363636363636365
MobileNetV3-Large,DeiT-Tiny,MEL,226,103,37,25,61,165,0.7300884955752213
MobileNetV3-Large,DeiT-Tiny,NV,644,501,47,41,55,589,0.9145962732919255
MobileNetV3-Large,DeiT-Tiny,SCC,31,7,3,1,20,11,0.3548387096774194
MobileNetV3-Large,DeiT-Tiny,VASC,12,12,0,0,0,12,1.0
MobileNetV3-Large,Swin-Tiny,AK,44,7,3,9,25,19,0.4318181818181818
MobileNetV3-Large,Swin-Tiny,BCC,167,101,25,11,30,137,0.8203592814371258
MobileNetV3-Large,Swin-Tiny,BKL,132,73,11,16,32,100,0.7575757575757576
MobileNetV3-Large,Swin-Tiny,DF,11,2,1,1,7,4,0.36363636363636365
MobileNetV3-Large,Swin-Tiny,MEL,226,112,28,28,58,168,0.7433628318584071
MobileNetV3-Large,Swin-Tiny,NV,644,506,42,42,54,590,0.9161490683229814
MobileNetV3-Large,Swin-Tiny,SCC,31,5,5,2,19,12,0.3870967741935484
MobileNetV3-Large,Swin-Tiny,VASC,12,10,2,0,0,12,1.0
DeiT-Tiny,Swin-Tiny,AK,44,9,1,7,27,17,0.38636363636363635
DeiT-Tiny,Swin-Tiny,BCC,167,96,31,16,24,143,0.8562874251497006
DeiT-Tiny,Swin-Tiny,BKL,132,72,12,17,31,101,0.7651515151515151
DeiT-Tiny,Swin-Tiny,DF,11,2,1,1,7,4,0.36363636363636365
DeiT-Tiny,Swin-Tiny,MEL,226,105,23,35,63,163,0.7212389380530974
DeiT-Tiny,Swin-Tiny,NV,644,499,43,49,53,591,0.9177018633540373
DeiT-Tiny,Swin-Tiny,SCC,31,5,3,2,21,10,0.3225806451612903
DeiT-Tiny,Swin-Tiny,VASC,12,10,2,0,0,12,1.0
