models,num_models,accuracy,balanced_accuracy,macro_f1
ResNet50 + EfficientNetV2-S + MobileNetV3-Large + DeiT-Tiny + Swin-Tiny,5,0.7750591949486977,0.6188709699221188,0.6161183069570213
ResNet50 + EfficientNetV2-S + EfficientNet-B3 + MobileNetV3-Large + Swin-Tiny,5,0.7734806629834254,0.6354951514935983,0.621745031618646
ResNet50 + EfficientNetV2-S + EfficientNet-B3 + MobileNetV3-Large + DeiT-Tiny + Swin-Tiny,6,0.771112865035517,0.6341215990851158,0.6259158192403814
ResNet50 + MobileNetV3-Large + DeiT-Tiny + Swin-Tiny,4,0.7671665351223362,0.6203296561634136,0.608575241425493
EfficientNetV2-S + EfficientNet-B3 + MobileNetV3-Large + DeiT-Tiny + Swin-Tiny,5,0.7655880031570639,0.601470930119783,0.5963315004696637
ResNet50 + MobileNetV3-Large + DeiT-Tiny,3,0.7647987371744278,0.6307514288465668,0.622108232236908
ResNet50 + EfficientNetV2-S + MobileNetV3-Large + DeiT-Tiny,4,0.7640094711917916,0.6163489842666501,0.6097147043768758
EfficientNetV2-S + MobileNetV3-Large + Swin-Tiny,3,0.7640094711917916,0.6150595090803168,0.6022065897507557
ResNet50 + EfficientNet-B3 + MobileNetV3-Large + DeiT-Tiny + Swin-Tiny,5,0.7640094711917916,0.6072284342816052,0.5941886713129019
ResNet50 + EfficientNetV2-S + EfficientNet-B3 + MobileNetV3-Large + DeiT-Tiny,5,0.7632202052091555,0.6242778479851208,0.6162232433678682
ResNet50 + EfficientNet-B3 + MobileNetV3-Large + DeiT-Tiny,4,0.7632202052091555,0.6229234742717287,0.6064242211153231
ResNet50 + EfficientNetV2-S + MobileNetV3-Large + Swin-Tiny,4,0.7624309392265194,0.6285518512599362,0.6101113578272273
ResNet50 + EfficientNetV2-S + DeiT-Tiny,3,0.7616416732438832,0.6446928836651944,0.6270619584011329
ResNet50 + EfficientNetV2-S + Swin-Tiny,3,0.7616416732438832,0.6399672183425814,0.6095806790267237
ResNet50 + EfficientNetV2-S + EfficientNet-B3 + MobileNetV3-Large,4,0.760852407261247,0.626525988328877,0.6074407326024721
ResNet50 + MobileNetV3-Large + Swin-Tiny,3,0.760852407261247,0.6587853227283442,0.6276256384781892
EfficientNetV2-S + EfficientNet-B3 + MobileNetV3-Large + Swin-Tiny,4,0.760852407261247,0.6242929683561879,0.6082827240353441
ResNet50 + EfficientNet-B3 + MobileNetV3-Large + Swin-Tiny,4,0.7600631412786109,0.6292040172312571,0.6053536722387189
ResNet50 + EfficientNetV2-S + EfficientNet-B3 + DeiT-Tiny + Swin-Tiny,5,0.7600631412786109,0.6163971051757197,0.5957616385202924
ResNet50 + EfficientNetV2-S + MobileNetV3-Large,3,0.7600631412786109,0.6452011110918862,0.6247751885349966
ResNet50 + EfficientNet-B3 + MobileNetV3-Large,3,0.7576953433307024,0.6593988411311578,0.6272956838979378
ResNet50 + EfficientNetV2-S + EfficientNet-B3 + DeiT-Tiny,4,0.7569060773480663,0.621591675871126,0.6012205969906876
EfficientNetV2-S + EfficientNet-B3 + MobileNetV3-Large,3,0.7569060773480663,0.6178774851149403,0.598565307265168
ResNet50 + EfficientNetV2-S + DeiT-Tiny + Swin-Tiny,4,0.7569060773480663,0.6245484645363519,0.6083302974357196
ResNet50 + EfficientNetV2-S + EfficientNet-B3 + Swin-Tiny,4,0.7569060773480663,0.6239412138687659,0.5937877897613072
EfficientNetV2-S + MobileNetV3-Large + DeiT-Tiny + Swin-Tiny,4,0.7569060773480663,0.6056776979974585,0.5992029065089626
ResNet50 + DeiT-Tiny + Swin-Tiny,3,0.7561168113654302,0.6099667839998895,0.5896767331336952
ResNet50 + EfficientNet-B3 + Swin-Tiny,3,0.755327545382794,0.6377308532505261,0.6038868531542634
ResNet50 + EfficientNet-B3 + DeiT-Tiny + Swin-Tiny,4,0.7545382794001578,0.6226506517177146,0.5965905270875693
ResNet50 + EfficientNet-B3 + DeiT-Tiny,3,0.7529597474348856,0.6560833181144398,0.6239263218214802
EfficientNetV2-S + EfficientNet-B3 + MobileNetV3-Large + DeiT-Tiny,4,0.7529597474348856,0.6207744667611803,0.6087980679022389
EfficientNetV2-S + DeiT-Tiny + Swin-Tiny,3,0.7529597474348856,0.594726241140335,0.5933182821512394
MobileNetV3-Large + DeiT-Tiny + Swin-Tiny,3,0.7529597474348856,0.5835686000995872,0.5712486184995641
EfficientNetV2-S + EfficientNet-B3 + DeiT-Tiny + Swin-Tiny,4,0.7529597474348856,0.6112713462271504,0.598613071155758
ResNet50 + EfficientNetV2-S + EfficientNet-B3,3,0.7521704814522494,0.6122562513637848,0.5866215899035516
EfficientNet-B3 + MobileNetV3-Large + Swin-Tiny,3,0.7513812154696132,0.5999440350703538,0.5776923271768265
EfficientNetV2-S + MobileNetV3-Large + DeiT-Tiny,3,0.7505919494869772,0.5908872257746021,0.5798652035027092
EfficientNetV2-S + EfficientNet-B3 + Swin-Tiny,3,0.749802683504341,0.602631841276124,0.5798341387755757
EfficientNet-B3 + MobileNetV3-Large + DeiT-Tiny,3,0.7490134175217048,0.5973426894179222,0.5802058871460989
EfficientNet-B3 + MobileNetV3-Large + DeiT-Tiny + Swin-Tiny,4,0.7466456195737964,0.5871170798977848,0.5663516985055345
EfficientNetV2-S + EfficientNet-B3 + DeiT-Tiny,3,0.744277821625888,0.6125924608250062,0.6030611114210518
EfficientNet-B3 + DeiT-Tiny + Swin-Tiny,3,0.7355958958168903,0.5961374903084883,0.5829034655456887
EfficientNetV2-S + MobileNetV3-Large,2,0.7316495659037096,0.6235292680552937,0.5975249094915578
EfficientNetV2-S + Swin-Tiny,2,0.728492501973165,0.5962535327027982,0.5776270521327472
ResNet50 + MobileNetV3-Large,2,0.7261247040252565,0.6653974420284676,0.621140307053131
ResNet50 + EfficientNetV2-S,2,0.7229676400947119,0.6455913165955092,0.6098760789531822
MobileNetV3-Large + Swin-Tiny,2,0.7213891081294396,0.5866974205650564,0.5684745629335022
MobileNetV3-Large + DeiT-Tiny,2,0.7213891081294396,0.5954075320431684,0.5755207062326786
ResNet50 + Swin-Tiny,2,0.7198105761641673,0.6310354651676258,0.5830466159412877
EfficientNetV2-S + DeiT-Tiny,2,0.7182320441988951,0.6009308827458274,0.5780410435734112
ResNet50 + DeiT-Tiny,2,0.7134964483030781,0.6477739171564114,0.6049918896833228
EfficientNet-B3 + MobileNetV3-Large,2,0.7119179163378059,0.5991402602386494,0.5729274464799168
DeiT-Tiny + Swin-Tiny,2,0.7071823204419889,0.5674343764938468,0.5493265364525728
ResNet50 + EfficientNet-B3,2,0.7032359905288083,0.637030010998519,0.5854997648273986
EfficientNetV2-S + EfficientNet-B3,2,0.7032359905288083,0.5867874156213226,0.5682600585844613
EfficientNet-B3 + Swin-Tiny,2,0.6992896606156275,0.5671750856044182,0.5454187516671665
EfficientNet-B3 + DeiT-Tiny,2,0.696921862667719,0.5959636605206619,0.5785605671883287
