method,accuracy,balanced_accuracy,macro_f1
V3.4 Selector,0.8752959747434885,0.806063958869532,0.7924307880591905
Majority Vote,0.7750591949486977,0.6307623429339331,0.6242563101067651
Confidence Winner,0.7655880031570639,0.6386927953588853,0.6205229176795826
V3.3 Selector,0.8271507498026835,0.7312295105486657,0.7092532120646562
resnet50,0.7387529597474349,0.6577081493193933,0.6143400500697134
efficientnet_v2_s,0.744277821625888,0.6039398676862535,0.5931572591371816
efficientnet_b3,0.7095501183898973,0.5866580264617525,0.5566597974190539
mobilenet_v3_large,0.7363851617995264,0.5854795003820381,0.5591988579317541
deit_tiny,0.7213891081294396,0.5703617228321329,0.5620008465667012
swin_tiny,0.7300710339384373,0.5638506539692917,0.5439726375307893
Oracle,0.9187056037884768,0.8367355845298307,0.8309887012810184
