epoch,learning_rate,train_loss,train_accuracy,train_balanced_accuracy,train_macro_f1,train_weighted_f1,val_loss,val_accuracy,val_balanced_accuracy,val_macro_f1,val_weighted_f1,val_macro_precision,val_macro_recall
1,0.0001,1.3210022375760608,0.5747206703910615,0.5025788857472577,0.4175267864183281,0.5993711559264173,1.1066786141444311,0.568686113188731,0.5950395695845307,0.4193024753675343,0.6095589387420367,0.4256712395358402,0.5950395695845307
2,0.0001,0.9700336513263363,0.6595670391061452,0.6537392483460245,0.5385497298900623,0.6770819574310736,1.0810254449649392,0.6556968337073049,0.6093344877047826,0.5166152777435662,0.6761791894896129,0.4926716026095721,0.6093344877047826
3,0.0001,0.8352480388327493,0.6922386272944933,0.715263420978323,0.5988899392497922,0.7057585169235381,0.9994937843498938,0.6691598105210671,0.6350670973086804,0.53696033164831,0.6915169281637134,0.5008960488943568,0.6350670973086804
4,0.0001,0.7308767152279735,0.7136372705506784,0.7474646433621348,0.6352009649355556,0.7247027062395325,1.1123537057595074,0.6691598105210671,0.6089275312920386,0.5459266451797589,0.6917347563486831,0.5273978797592436,0.6089275312920386
5,0.0001,0.6403141264154829,0.7381284916201117,0.7825458253530297,0.6858739035825234,0.7465789156124321,1.2225474931301543,0.6821241585639491,0.618403705895977,0.5631458101515904,0.7006835946733001,0.5555128029315997,0.618403705895977
6,0.0001,0.574364975763742,0.7573822825219473,0.8050486170320119,0.7114958219492986,0.7645903023436381,1.2602086853012127,0.7030665669409125,0.6222683538443335,0.5793452898123932,0.7144272337111555,0.54971121443488,0.6222683538443335
7,0.0001,0.5345232978237218,0.7719473264166001,0.822916853601205,0.7259978991629306,0.777942589782386,1.3503600165036158,0.7135377711293942,0.6346874255983435,0.5802830508749273,0.7258864507995567,0.5549056711228877,0.6346874255983435
8,0.0001,0.4926297225486205,0.783669193934557,0.8360463040769202,0.7465858777589608,0.7890135182560837,1.321446074248549,0.706307653951633,0.618876512546279,0.548932199925172,0.7173305247688754,0.5318300038215881,0.618876512546279
9,0.0001,0.4568527459337154,0.7984836392657622,0.8500585886163559,0.768890155386538,0.8031149899695276,1.3954830759334256,0.7329842931937173,0.628112168783332,0.6014352349907529,0.7370313180318689,0.5932225508388038,0.628112168783332
10,0.0001,0.4094176081745794,0.8142956903431764,0.8661071052230591,0.7913397760371299,0.8180896011522124,1.4811429859797753,0.7043131388681126,0.6228941455659741,0.545698946410264,0.713559951561758,0.5116556767414919,0.6228941455659741
11,0.0001,0.3660790816585683,0.8253192338387869,0.8830335858746576,0.8191180475579727,0.8284631617957479,1.4181089476661117,0.7205185739217153,0.639876032765544,0.5865676274242608,0.7293697958946547,0.5500456466883978,0.639876032765544
12,5e-05,0.34206772466314284,0.8333998403830806,0.8922248192868243,0.8346196809295845,0.8363661853525602,1.4454362158450187,0.6975816504612317,0.6297159517973572,0.5832887113852988,0.7141403090791859,0.5664373223966894,0.6297159517973572
13,5e-05,0.26356125005847175,0.8626296887470072,0.9176432074750269,0.8696348018101614,0.864429067106514,1.5685915765776297,0.7304911493393169,0.6320446828419211,0.6046664977175542,0.7382615927313241,0.5869472898204973,0.6320446828419211
14,5e-05,0.2408237942901023,0.8726057462090981,0.9234131501817807,0.8823082545475225,0.8741240688297167,1.8563259586272054,0.7432061829967589,0.6138653577750074,0.6232982465579239,0.7438125501632004,0.6468881964935091,0.6138653577750074
15,5e-05,0.22064232764838462,0.8834796488427773,0.9333096053316858,0.8989594211631322,0.8847874433809915,1.7332252444426812,0.7294938917975567,0.6306003228616341,0.6135782632994083,0.7385179618917034,0.6034000256329042,0.6306003228616341
16,5e-05,0.1965975153723736,0.8902633679169992,0.9388223997219856,0.9038645515748704,0.8915150153543523,1.966288192466559,0.7379705809025181,0.6132025353400998,0.6001048389438894,0.7418485496987036,0.5963444191854023,0.6132025353400998
17,2.5e-05,0.1952439435134833,0.8910115722266561,0.9371656092597939,0.9039821286570427,0.8921496045484315,1.9154247504402888,0.7424582398404388,0.6236010039125939,0.607397941415632,0.746866958438459,0.595877464355684,0.6236010039125939
18,2.5e-05,0.16035164077524675,0.9094672785315243,0.951774251150378,0.923176508978749,0.9102843174905794,2.0106879327436005,0.7447020693093992,0.6170369928007506,0.6143131003330446,0.7473718516358805,0.6266019231919826,0.6170369928007506
19,2.5e-05,0.1445754846957113,0.9116121308858739,0.9565929535225337,0.9323062724266589,0.912450766947599,2.0717397249846856,0.7459486412365993,0.6202367770988046,0.6217807818594678,0.7470919799808549,0.642349708042643,0.6202367770988046
20,1.25e-05,0.1385466029562044,0.9158519553072626,0.95691739447898,0.9343030725272206,0.9166135417127221,2.0648119968165486,0.75018698578908,0.6206271943749264,0.6219059368112135,0.7515197314662423,0.6267667907831713,0.6206271943749264
21,1.25e-05,0.12698966865550432,0.9236332801276935,0.9609431331535832,0.938445564125627,0.9242225924310205,2.0567685032471905,0.7466965843929195,0.6241169448228988,0.6184526767526872,0.7499576070751787,0.6249486618161016,0.6241169448228988
